fdc_id,Calcium,Carbohydrate,Copper,Energy,"Fatty acids, total monounsaturated","Fatty acids, total polyunsaturated","Fatty acids, total saturated",Fiber,Folate,Folic acid,Iron,Magnesium,Niacin,Phosphorus,Protein,Retinol,Riboflavin,Selenium,Sugar,Thiamin,Vitamin A,Vitamin B-12,Vitamin B-6,Vitamin C,Vitamin E,Zinc,FoV
2342198,205,4.68,0.086,47,0.317,0.407,0.277,3.6,65,0,1.1,30,1.539,73,4.91,2,0.208,5.4,0.84,0.114,222,0.05,0.193,40.5,1.46,0.5,Vegetable
2342905,19,11.8,0.133,86,1.052,1.091,0.374,4,86,0,1.68,23,0.65,89,4.32,0,0.047,1.7,2.08,0.091,7,0,0.111,3.2,0.56,0.63,Vegetable
2342956,33,3.07,0.038,32,0.438,0.106,1.153,1.1,34,0,0.25,15,0.303,17,0.7,18,0.042,0.3,1.61,0.089,29,0,0.037,4.7,0.2,0.18,Vegetable
2344560,95,4.13,0.065,196,5.849,3.57,4.76,1.1,13,2,0.89,15,1.582,110,9.29,35,0.113,8.6,1.59,0.054,46,0.67,0.214,39,1.64,1.96,Vegetable
2344561,69,9.87,0.069,177,4.293,2.588,3.51,1,19,8,0.99,14,1.464,100,7.88,36,0.108,9.3,2.22,0.069,46,0.52,0.177,28.3,1.38,1.54,Vegetable
2344562,87,11.93,0.063,164,3.864,3.271,3.068,1.2,26,16,0.63,13,0.784,73,3.84,32,0.071,5.5,1.51,0.085,43,0.06,0.151,36.7,1.53,0.61,Vegetable
2344563,14,9.86,0.071,99,1.884,0.972,1.193,1,22,12,0.83,14,1.408,54,4.75,0,0.041,4.7,2.05,0.068,26,0.35,0.132,10.9,0.72,1.08,Vegetable
2344564,13,13.04,0.068,77,0.824,0.855,0.315,1.2,27,17,0.61,13,0.86,33,1.6,0,0.02,2.5,2.27,0.08,25,0,0.104,13,0.67,0.29,Vegetable
2344658,37,13.34,0.042,53,0.06,0.065,0.039,1.8,16,0,0.15,12,0.376,20,0.81,0,0.036,0.1,10.58,0.058,34,0,0.078,26.7,0.2,0.07,Fruit
2344659,22,10.66,0.032,42,0.02,0.036,0.021,1.6,13,0,0.08,9,0.204,18,0.77,0,0.031,0.1,6.89,0.043,58,0,0.053,31.2,0.13,0.07,Fruit
2344660,15,9.15,0.067,36,0.014,0.024,0.014,0.4,9,0,0.41,10,0.249,10,0.58,0,0.021,0.9,8.75,0.039,0,0,0.02,21.8,0.09,0.09,Fruit
2344661,62,15.9,0.095,71,0.154,0.171,0.103,6.5,17,0,0.86,20,0.429,19,1.88,0,0.09,0,9.36,0.037,15,0,0.036,43.9,0.15,0.17,Fruit
2344662,26,9.32,0.037,29,0.011,0.089,0.039,2.8,11,0,0.6,8,0.1,16,1.1,0,0.02,0.4,2.5,0.04,1,0,0.08,53,0.15,0.06,Fruit
2344664,33,10.54,0.065,30,0.019,0.055,0.022,2.8,8,0,0.6,6,0.2,18,0.7,0,0.02,0.4,1.69,0.03,2,0,0.043,29.1,0.22,0.11,Fruit
2344665,42,11.78,0.054,50,0.023,0.025,0.015,2.2,28,0,0.22,10,0.354,18,0.92,0,0.046,0.2,8.96,0.078,11,0,0.07,56.2,0.18,0.09,Fruit
2344666,11,11.82,0.032,46,0.005,0.005,0.003,0.7,5,0,0.26,11,0.434,10,0.6,0,0.028,0.4,11.14,0.08,42,0,0.041,33.3,0.1,0.5,Fruit
2344667,11,9.57,0.033,37,0.005,0.005,0.003,0.7,5,0,0.27,11,0.445,10,0.62,0,0.029,0.4,8.87,0.082,43,0,0.042,34.2,0.1,0.51,Fruit
2344668,10,14.07,0.032,55,0.005,0.005,0.003,0.7,5,0,0.26,10,0.423,10,0.59,0,0.028,0.4,13.42,0.078,41,0,0.04,32.5,0.1,0.48,Fruit
2344669,37,13.34,0.042,53,0.06,0.065,0.039,1.8,16,0,0.15,12,0.376,20,0.81,0,0.036,0.1,10.58,0.058,34,0,0.078,26.7,0.2,0.07,Fruit
2344689,11,10.18,0.034,47,0.022,0.03,0.014,0.3,30,0,0.06,10,0.034,18,0.77,0,0.039,0.1,8.18,0.073,2,0,0.042,28.7,0.2,0.03,Fruit
2344690,39,78.62,0.219,298,0.153,0.111,0.104,4.8,10,0,1.3,24,1.006,64,2.28,0,0.087,0.9,66.33,0.065,25,0,0.146,5.5,1.52,0.28,Fruit
2344691,14,65.89,0.191,243,0.013,0.093,0.052,8.7,0,0,1.4,16,0.927,38,0.93,0,0.159,1.3,57.19,0,0,0,0.125,3.9,0.53,0.2,Fruit
2344692,55,62.64,0.343,241,0.074,0.074,0.017,7.3,10,0,2.66,32,2.589,71,3.39,0,0.074,2.2,53.44,0.015,180,0,0.143,1,4.33,0.39,Fruit
2344693,19,80,0.16,317,0.405,1.3,0.2,7.5,12,0,0.9,18,1.154,36,2.5,0,0.127,0.6,67.5,0.092,7,0,0.152,23.8,2.35,0.49,Fruit
2344694,38,80.45,0.229,333,0.177,0.194,0.146,2.5,11,0,0.68,22,0.867,36,1.25,0,0.101,0.4,67.15,0.058,141,0,0.101,19.3,0.17,0.25,Fruit
2344695,18,58.4,0.205,519,1.95,0.63,28.97,7.7,14,0,1.25,76,0.71,56,2.3,0,0.017,1.5,35.34,0.085,4,0,0.26,6.3,0.24,0.75,Fruit
2344696,88,76.98,0.298,290,0.021,0.047,0.085,4.4,10,0,1.88,36,1.615,99,3.43,0,0.142,0.7,62.28,0.16,4,0,0.296,4.7,0.11,0.37,Fruit
2344697,9,82.8,0.063,308,0.298,0.182,0.088,5.3,0,0,0.39,4,0.548,8,0.17,0,0.028,0.6,72.56,0.013,2,0,0.038,0.2,2.1,0.1,Fruit
2344698,39,75.03,0.206,282,0.036,0.019,0.032,8,19,0,1.02,43,1.274,62,2.45,0,0.066,3,63.35,0.052,0,0,0.165,0.4,0.05,0.29,Fruit
2344699,162,63.9,0.287,277,0.159,0.345,0.144,9.8,9,0,2.03,68,0.619,67,3.3,0,0.082,0.6,47.9,0.085,0,0,0.106,1.2,0.36,0.66,Fruit
2344700,0,78.58,0.3,319,0.439,0.222,0.287,2.4,68,0,0.23,20,2,50,2.45,0,0.085,2.1,66.27,0.062,67,0,0.334,42.3,4.02,0.3,Fruit
2344701,54,75.43,0.123,302,0.191,0.154,0.215,4.5,49,0,0.69,56,0.853,27,1.25,0,0.073,1.9,67.55,0.043,62,0,0.091,32.4,0.8,0.22,Fruit
2344702,28,61.33,0.364,239,0.278,0.367,0.082,8.2,0,0,4.06,42,4.375,119,3.61,0,0.212,0.5,41.74,0.002,108,0,0.067,4.8,0.19,0.57,Fruit
2344703,34,69.7,0.371,262,0.132,0.148,0.035,7.5,0,0,2.1,33,1.372,59,1.87,0,0.145,0.2,62.2,0.008,0,0,0.072,7,0.06,0.39,Fruit
2344704,22,96.07,0.303,374,0.098,0.114,0.053,9.6,11,0,0.42,24,0.239,45,1.54,0,0.057,1.9,80.06,0.056,108,0,0.239,4,1.94,0.3,Fruit
2344705,35,81.54,0.295,321,0.035,0.106,0.024,3.7,24,0,0.79,32,1.195,21,1.43,0,0.085,0.5,72.94,0.147,4,0,0.268,25.4,0.05,0.32,Fruit
2344706,43,63.88,0.281,240,0.053,0.062,0.088,7.1,4,0,0.93,41,1.882,69,2.18,0,0.186,0.3,38.13,0.051,39,0,0.205,0.6,0.43,0.44,Fruit
2344707,62,79.32,0.272,299,0.024,0.053,0.094,4.5,5,0,1.79,36,0.766,98,3.3,0,0.125,0.6,65.18,0.106,0,0,0.174,2.3,0.12,0.36,Fruit
2344708,67,66.21,0.078,255,0.163,0.053,0.245,4.6,6,0,2.52,83,1.57,102,2.52,0,0.125,1.2,44.9,0.27,1,0,0.053,0.6,0.09,0.09,Fruit
2344709,12,16,0.078,65,0.02,0.053,0.052,1.8,11,0,0.15,14,0.356,17,0.65,0,0.026,0.2,11.88,0.05,5,0,0.101,19.6,0.18,0.11,Fruit
2344710,7,15.32,0.052,63,0.072,0.052,0.032,1.4,7,0,0.17,6,0.369,13,0.56,0,0.025,0.6,13.68,0.016,17,0,0.042,9,0.43,0.1,Fruit
2344717,13,11.12,0.078,48,0.17,0.077,0.027,2,9,0,0.39,10,0.6,23,1.4,0,0.04,0.1,9.24,0.03,96,0,0.054,10,0.89,0.2,Fruit
2344718,7,13.85,0.076,57,0.063,0.029,0.01,1.5,2,0,0.3,6,0.363,12,0.65,0,0.023,0.1,12.39,0.019,90,0,0.05,3.1,0.55,0.1,Fruit
2344719,12,8.53,0.19,160,9.799,1.816,2.126,6.7,81,0,0.55,29,1.738,52,2,0,0.13,0.4,0.66,0.067,7,0,0.257,10,2.07,0.64,Vegetable
2344723,3,6.73,0.137,31,0.03,0.184,0.019,2.8,12,0,0.08,10,0.367,12,1.04,0,0.016,0.6,3.98,0.014,3,0,0.017,34.4,0.15,0.12,Fruit
2344724,54,41.97,0.143,165,0.049,0.055,0.039,3.2,0,0,0.43,4,0.004,3,0.22,0,0,0.2,38.77,0,2,0,0.005,0,0.05,0.26,Fruit
2344726,13,16.01,0.06,63,0.047,0.052,0.038,2.1,4,0,0.36,11,0.154,21,1.06,0,0.033,0,12.82,0.027,3,0,0.049,7,0.07,0.07,Fruit
2344727,10,18.79,0.07,74,0.031,0.035,0.026,1.4,4,0,0.34,8,0.377,14,0.71,0,0.039,0,17.42,0.02,7,0,0.028,2,0.21,0.07,Fruit
2344728,13,16.01,0.06,63,0.047,0.052,0.038,2.1,4,0,0.36,11,0.154,21,1.06,0,0.033,0,12.82,0.027,3,0,0.049,7,0.07,0.07,Fruit
2344729,9,15.23,0.082,57,0.084,0.094,0.022,3.1,7,0,0.18,7,0.161,12,0.36,0,0.026,0.1,9.75,0.012,1,0,0.029,4.3,0.12,0.1,Fruit
2344730,35,19.18,0.07,74,0.066,0.144,0.06,2.9,6,0,0.37,17,0.4,14,0.75,0,0.05,0.2,16.26,0.06,7,0,0.113,2,0.11,0.15,Fruit
2344731,26,19.36,0.049,76,0.05,0.108,0.045,2.2,3,0,0.28,13,0.27,10,0.56,0,0.037,0.2,17.18,0.036,4,0,0.081,1.2,0.08,0.11,Fruit
2344733,18,14.32,0.23,68,0.087,0.401,0.272,5.4,49,0,0.26,22,1.084,40,2.55,0,0.04,0.6,8.92,0.067,31,0,0.11,228.3,0.73,0.23,Fruit
2344734,35,14,0.134,64,0.047,0.287,0.029,3,26,0,0.24,16,0.37,34,1.06,0,0.025,0.2,8.99,0.027,4,0,0.061,74.7,1.3,0.14,Fruit
2344735,5,16.53,0.148,66,0.12,0.132,0.099,1.3,14,0,0.31,10,0.603,31,0.83,0,0.065,0.6,15.23,0.011,0,0,0.1,71.5,0.07,0.07,Fruit
2344743,12,23.38,0.086,97,0.086,0.411,0.059,10.4,14,0,1.6,29,1.5,68,2.2,0,0.13,0.6,11.2,0,64,0,0.1,30,0.02,0.1,Fruit
2344754,8,18.59,0.113,70,0.037,0.043,0.02,3.6,8,0,0.15,9,0.1,17,0.58,0,0.02,0.6,12.53,0.03,81,0,0.1,7.5,0.73,0.11,Fruit
2344760,6,11.42,0.057,46,0.134,0.044,0.017,1.4,5,0,0.17,7,0.417,16,0.7,0,0.026,0,9.92,0.028,17,0,0.029,9.5,0.26,0.1,Fruit
2344761,5,13.54,0.041,55,0.1,0.033,0.013,1,2,0,0.13,5,0.281,12,0.52,0,0.019,0,12.43,0.017,11,0,0.021,5.7,0.2,0.08,Fruit
2344762,10,18.7,0.158,83,0.093,0.079,0.12,4,38,0,0.3,12,0.293,36,1.67,0,0.053,0.5,13.67,0.067,0,0,0.075,10.2,0.6,0.35,Fruit
2344763,73,17.45,0.018,73,0.035,0.089,0.047,1.6,4,0,0.2,11,0.242,13,0.81,0,0.028,1.1,14.4,0.014,4,0,0.02,5.7,0.24,0.09,Fruit
2344764,74,62.5,0.086,239,0.181,0.059,0.272,5.1,14,0,2.8,92,1.938,113,2.8,0,0.152,1.3,38.8,0.428,2,0,0.066,3.5,0.1,0.1,Fruit
2344780,24,16.19,0.083,72,0.056,0.047,0.748,2.1,23,0,0.19,15,0.423,16,0.83,0,0.028,0.5,12.38,0.076,6,0,0.105,40.9,0.12,0.13,Fruit
2344781,8,13.69,0.086,57,0.014,0.047,0.045,1.5,8,0,0.21,13,0.378,17,0.62,0,0.024,0.3,10.39,0.04,31,0,0.084,18.9,0.16,0.16,Fruit
2344782,15,13.28,0.078,55,0.016,0.043,0.039,1.7,12,0,0.18,13,0.358,17,0.69,0,0.027,0.4,10.17,0.05,27,0,0.079,26.1,0.16,0.14,Fruit
2344783,6,14.1,0.067,55,0.009,0.024,0.009,0.9,3,0,0.28,7,0.335,11,0.41,0,0.014,0.5,13.08,0.015,12,0,0.054,2,0.36,0.09,Fruit
2344784,5,15.8,0.066,62,0.008,0.018,0.006,0.9,3,0,0.23,6,0.334,10,0.39,0,0.012,0.5,14.89,0.015,12,0,0.048,1.9,0.37,0.08,Fruit
2344785,7,12.41,0.068,48,0.01,0.031,0.012,0.9,3,0,0.33,8,0.336,13,0.43,0,0.016,0.5,11.27,0.015,11,0,0.06,2.1,0.36,0.1,Fruit
2344786,11,11.1,0.087,46,0.048,0.066,0.035,1.5,20,0,0.38,11,0.626,15,0.7,0,0.033,1,8.87,0.04,63,0,0.065,28.1,0.4,0.2,Fruit
2344787,16,12.15,0.15,172,2.719,8.835,1.906,2.1,12,0,0.37,16,0.182,37,1.48,2,0.043,0.7,8.89,0.047,6,0.02,0.081,3.5,0.61,0.27,Fruit
2344789,16,19.86,0.245,132,2.167,0.21,3.859,2.7,9,0,0.9,34,0.395,44,1.41,0,0.032,1.2,16.03,0.032,1,0,0.035,43.8,0.28,0.49,Fruit
2344790,16,13.42,0.198,237,4.081,12.743,2.857,1.7,17,0,0.41,23,0.376,43,1.83,3,0.036,0.9,9.42,0.07,5,0.02,0.13,14.5,0.79,0.36,Fruit
2344791,23,14.97,0.215,152,1.89,4.443,3.319,1.9,18,0,0.42,26,0.421,49,2.14,48,0.058,0.8,10.58,0.077,51,0.02,0.146,16,0.26,0.39,Fruit
2344792,17,17.1,0.226,142,0.974,4.494,2.311,2,18,0,0.43,27,0.433,45,1.99,0,0.037,0.7,12.5,0.078,3,0,0.148,16.6,0.23,0.38,Fruit
2344793,15,17.4,0.192,241,3.847,11.999,2.693,1.6,16,0,0.4,22,0.359,41,1.83,3,0.034,0.9,12.24,0.066,5,0.02,0.123,13.6,0.74,0.34,Fruit
2344794,31,17.55,0.175,125,1.208,3.68,0.733,1.9,18,0,0.33,22,0.328,47,1.98,0,0.049,0.5,12.65,0.072,4,0.03,0.116,15.9,0.23,0.34,Fruit
2344795,25,17.96,0.192,127,1.229,3.755,0.745,1.7,15,0,0.37,23,0.376,47,1.91,0,0.047,0.4,12.83,0.07,2,0.03,0.129,14,0.2,0.35,Fruit
2344796,22,13.09,0.181,232,4.003,12.487,2.802,2,19,0,0.36,22,0.327,44,1.9,3,0.038,1,9.31,0.072,7,0.02,0.118,16.4,0.81,0.34,Fruit
2344797,30,14.57,0.196,149,1.852,4.342,3.248,2.1,21,0,0.36,25,0.366,50,2.21,47,0.06,0.9,10.44,0.079,52,0.02,0.131,18.1,0.3,0.37,Fruit
2344798,24,16.64,0.205,139,0.955,4.388,2.26,2.2,21,0,0.38,26,0.375,46,2.06,0,0.039,0.8,12.31,0.081,5,0,0.133,18.8,0.27,0.36,Fruit
2344799,21,17.01,0.176,237,3.777,11.771,2.644,1.8,18,0,0.35,21,0.312,42,1.9,3,0.036,1,12.08,0.068,6,0.02,0.111,15.5,0.76,0.32,Fruit
2344804,13,11.9,0.101,96,1.272,3.382,0.884,1.3,17,0,0.29,11,0.452,9,0.58,1,0.031,0.3,8.94,0.073,5,0.01,0.102,43,0.27,0.12,Fruit
2344809,21,12.1,0.015,51,0.01,0.033,0.02,0.2,9,0,0.08,7,0.035,11,0.29,0,0.022,0.1,10.4,0.025,1,0,0.025,34.7,0.13,0.03,Fruit
2344810,11,12.46,0.01,50,0.005,0.032,0.023,0.2,0,0,0.11,7,0.087,9,0.16,0,0.015,0.1,10.92,0.006,0,0,0.021,28.2,0.01,0.05,Fruit
2344811,10,11.16,0.011,46,0.01,0.042,0.02,0.2,2,0,0.12,6,0.068,8,0.12,0,0.016,0.1,9.04,0.009,0,0,0.018,21.2,0.31,0.05,Fruit
2344812,19,10.91,0.016,45,0.002,0.002,0.002,0.1,18,0,0.08,5,0.094,8,0.27,0,0.015,0.1,9.8,0.005,1,0,0.018,31.5,0.01,0.05,Fruit
2344816,12,7.8,0.114,38,0.058,0.344,0.018,0.1,10,0,0.48,21,0.446,12,0.3,0,0.018,0.3,7.7,0.012,6,0,0.021,11.3,0.9,0.41,Fruit
2344817,5,9.42,0.04,37,0.031,0.095,0.018,1.6,4,0,0.18,4,0.272,8,0.48,0,0.027,0.1,6.47,0.024,2,0,0.034,6.3,0.37,0.1,Fruit
2344818,7,7.26,0.013,32,0.023,0.07,0.01,0.1,9,0,0.13,4,0.01,3,0,0,0.018,0.1,3.41,0.018,2,0,0.009,0,1.2,0.04,Fruit
2344819,8,15.73,0.01,66,0.003,0.022,0.025,0.2,2,0,0.08,6,0.011,12,0.18,0,0.015,0,14.24,0.013,0,0,0.026,50.4,0,0.04,Fruit
2344820,42,14.77,0.018,62,0.003,0.022,0.025,0.2,0,0,0.25,10,0.133,14,0.37,0,0.015,0,14.2,0.017,0,0,0.032,25,0,0.07,Fruit
2344821,10,14.51,0.013,57,0.041,0.035,0.047,0.6,2,0,0.34,3,0.15,0,0.17,0,0.004,0.3,13.91,0.006,18,0,0.009,3,0.24,0.15,Fruit
2344822,4,13.6,0.053,51,0.006,0.029,0.004,0.2,7,0,0.24,17,1.46,13,0.39,0,0.131,0.1,13.4,0,36,0,0.05,29.8,0.01,0.05,Fruit
2344823,13,12.87,0.069,53,0.014,0.042,0.008,0.2,18,0,0.31,12,0.199,8,0.36,0,0.021,0.1,9.98,0.058,0,0,0.1,43.8,0.02,0.11,Fruit
2344824,11,13.13,0.021,54,0.059,0.05,0.077,0.1,24,0,0.1,7,0.233,11,0.15,0,0.015,0.3,12.65,0.015,0,0,0.04,0.1,0.38,0.09,Fruit
2344825,12,17.45,0.068,71,0.021,0.007,0.003,1,0,0,1.18,14,0.785,25,0.61,0,0.07,0.6,16.45,0.016,0,0,0.218,4.1,0.12,0.21,Fruit
2344826,12,7.8,0.114,38,0.058,0.344,0.018,0.1,10,0,0.48,21,0.446,12,0.3,0,0.018,0.3,7.7,0.012,6,0,0.021,11.3,0.9,0.41,Fruit
2344827,7,7.55,0.042,30,0.037,0.05,0.016,0.4,3,0,0.24,10,0.178,11,0.61,0,0.021,0.4,6.2,0.033,28,0,0.045,8.1,0.05,0.1,Fruit
2345056,3,31.8,0.074,122,0,0,0,1.7,19,0,0.55,36,0.636,32,1.3,0,0.072,1.5,17.46,0.056,53,0,0.217,15.6,0,0.19,Vegetable
2345057,3,30.87,0.072,144,1.171,1.169,0.397,1.6,18,0,0.54,35,0.618,31,1.26,0,0.07,1.5,16.95,0.054,52,0,0.211,15.1,0.47,0.18,Vegetable
2345058,3,31.89,0.074,122,0,0,0,1.7,22,0,0.55,36,0.672,32,1.3,0,0.076,1.5,17.51,0.062,56,0,0.242,18.4,0,0.19,Vegetable
2345059,3,30.88,0.072,141,0.873,0.757,0.67,1.6,18,0,0.54,35,0.618,31,1.27,11,0.07,1.5,16.96,0.054,63,0,0.227,15.1,0.34,0.18,Vegetable
2345060,4,30.88,0.072,138,0.576,0.345,0.944,1.6,18,0,0.53,35,0.618,32,1.27,22,0.07,1.5,16.96,0.054,74,0,0.244,15.1,0.21,0.18,Vegetable
2345062,3,31.8,0.074,122,0,0,0,1.7,19,0,0.55,36,0.636,32,1.3,0,0.072,1.5,17.46,0.056,53,0,0.217,15.6,0,0.19,Vegetable
2345063,3,30.87,0.072,144,1.171,1.169,0.397,1.6,18,0,0.54,35,0.618,31,1.26,0,0.07,1.5,16.95,0.054,52,0,0.211,15.1,0.47,0.18,Vegetable
2345064,17,39.62,0.104,191,1.017,0.864,0.798,1.9,24,0,0.28,22,0.845,28,1.42,12,0.048,0.7,1.78,0.082,13,0,0.1,18.2,0.56,0.36,Vegetable
2345065,15,34.72,0.091,269,5.584,5.551,1.937,1.6,22,0,0.27,19,0.74,25,1.24,0,0.042,0.6,1.55,0.063,1,0,0.076,15,2.39,0.31,Vegetable
2345067,45,27.55,0.179,141,0.956,0.9,0.764,4.3,20,0,0.58,34,0.593,88,1.57,12,0.025,0.7,0.42,0.089,16,0,0.283,4,2.84,0.24,Vegetable
2345068,45,27.55,0.179,141,0.956,0.9,0.764,4.3,20,0,0.58,34,0.593,88,1.57,12,0.025,0.7,0.42,0.089,16,0,0.283,4,2.84,0.24,Vegetable
2345069,31,33.59,0.142,166,0.986,0.882,0.781,3.1,22,0,0.43,28,0.719,58,1.5,12,0.036,0.7,1.1,0.085,15,0,0.191,11.1,1.7,0.3,Vegetable
2345071,117,4.33,0.191,22,0.026,0.046,0.02,3.7,15,0,2.57,70,0.4,41,2.2,0,0.22,0.9,0.5,0.1,316,0,0.106,30,1.5,0.38,Vegetable
2345072,122,4.51,0.199,48,0.966,0.862,0.742,3.9,12,0,2.68,73,0.396,43,2.3,12,0.218,0.9,0.53,0.094,325,0,0.122,21.9,1.93,0.4,Vegetable
2345075,51,3.74,0.179,19,0.04,0.07,0.03,1.6,14,0,1.8,81,0.4,46,1.8,0,0.09,0.9,1.1,0.04,306,0,0.099,30,1.89,0.36,Vegetable
2345076,54,3.9,0.186,44,0.981,0.887,0.752,1.7,11,0,1.88,84,0.396,48,1.88,12,0.089,0.9,1.15,0.038,315,0,0.115,21.9,2.33,0.38,Vegetable
2345077,232,5.42,0.046,32,0.03,0.201,0.055,4,129,0,0.47,27,0.742,25,3.02,0,0.13,1.3,0.46,0.054,251,0,0.165,35.3,2.26,0.21,Vegetable
2345078,249,5.81,0.049,34,0.032,0.215,0.059,4.3,104,0,0.5,29,0.756,27,3.24,0,0.132,1.4,0.49,0.052,256,0,0.168,26.5,2.42,0.22,Vegetable
2345079,210,7.08,0.055,36,0.02,0.209,0.06,2.8,76,0,1.12,30,0.633,27,2.96,0,0.115,1.5,0.57,0.047,573,0,0.114,26.3,1.25,0.27,Vegetable
2345080,117,2.79,0.082,19,0.02,0.119,0.069,1.3,87,0,1.5,20,0.357,21,1.35,0,0.06,0.7,0.42,0.01,296,0,0.04,14.6,1.46,0.23,Vegetable
2345081,242,5.65,0.048,58,0.97,1.023,0.778,4.2,101,0,0.49,28,0.734,26,3.15,12,0.129,1.4,0.48,0.051,260,0,0.181,25.7,2.72,0.22,Vegetable
2345082,242,5.65,0.048,58,0.97,1.023,0.778,4.2,101,0,0.49,28,0.734,26,3.15,12,0.129,1.4,0.48,0.051,260,0,0.181,25.7,2.72,0.22,Vegetable
2345083,204,6.88,0.053,58,0.893,0.96,0.728,2.7,74,0,1.09,29,0.615,26,2.88,11,0.112,1.5,0.56,0.046,568,0,0.127,25.6,1.55,0.26,Vegetable
2345084,242,5.64,0.048,61,1.29,1.466,0.484,4.2,101,0,0.49,28,0.734,26,3.14,0,0.129,1.4,0.48,0.051,248,0,0.163,25.7,2.86,0.22,Vegetable
2345085,242,5.65,0.048,54,0.651,0.58,1.072,4.2,101,0,0.49,28,0.734,27,3.16,24,0.129,1.4,0.49,0.051,273,0,0.198,25.7,2.58,0.22,Vegetable
2345086,203,6.87,0.053,61,1.19,1.372,0.455,2.7,74,0,1.09,29,0.615,26,2.88,0,0.111,1.5,0.55,0.045,557,0,0.11,25.6,1.68,0.26,Vegetable
2345087,204,6.88,0.053,55,0.595,0.548,1.002,2.7,74,0,1.08,29,0.615,27,2.89,22,0.112,1.5,0.56,0.046,579,0,0.143,25.6,1.42,0.26,Vegetable
2345088,114,2.71,0.08,44,1.184,1.279,0.462,1.3,84,0,1.46,19,0.347,20,1.31,0,0.058,0.7,0.4,0.01,287,0,0.039,14.2,1.88,0.22,Vegetable
2345089,115,2.72,0.08,38,0.592,0.459,1.007,1.3,84,0,1.46,19,0.347,21,1.33,22,0.058,0.7,0.42,0.01,310,0,0.071,14.2,1.62,0.22,Vegetable
2345090,81,5.5,0.17,32,0.239,0.228,0.023,1.1,80,0,1.3,38,1,76,2.6,0,0.26,0.9,4.4,0.08,346,0,0.247,69,0.7,0.23,Vegetable
2345091,85,5.73,0.177,58,1.188,1.051,0.745,1.1,63,0,1.36,40,0.989,79,2.72,12,0.257,0.9,4.58,0.075,354,0,0.262,50.3,1.09,0.24,Vegetable
2345092,187,9.2,0.171,45,0.014,0.306,0.17,3.5,27,0,3.1,36,0.806,66,2.7,0,0.26,0.5,0.71,0.19,508,0,0.251,35,3.44,0.41,Vegetable
2345093,195,9.58,0.178,71,0.954,1.133,0.898,3.6,21,0,3.23,38,0.797,69,2.82,12,0.257,0.5,0.74,0.178,515,0,0.266,25.5,3.95,0.43,Vegetable
2345096,45,2.98,0.084,37,0.877,0.835,0.711,2.7,76,0,0.7,13,0.302,22,1.12,11,0.06,0.2,0.23,0.057,102,0,0.032,3.2,0.73,0.67,Vegetable
2345097,235,5.16,0.085,37,0.069,0.388,0.106,4.2,74,0,1.14,31,0.906,43,2.97,0,0.212,1.1,0.74,0.077,254,0,0.163,46.6,1.66,0.3,Vegetable
2345098,169,5.75,0.069,37,0.059,0.343,0.098,2.7,67,0,1.09,26,0.508,33,2.92,0,0.114,1.2,0.78,0.053,376,0,0.088,21.2,1.54,0.28,Vegetable
2345099,228,5.02,0.084,58,0.912,1.11,0.752,4.1,72,0,1.12,31,0.881,42,2.89,11,0.207,1.1,0.72,0.075,259,0,0.175,45.3,1.94,0.29,Vegetable
2345100,228,5.02,0.084,58,0.912,1.11,0.752,4.1,72,0,1.12,31,0.881,42,2.89,11,0.207,1.1,0.72,0.075,259,0,0.175,45.3,1.94,0.29,Vegetable
2345101,164,5.59,0.067,59,0.93,1.091,0.766,2.6,65,0,1.06,25,0.493,33,2.84,11,0.111,1.1,0.76,0.052,377,0,0.102,20.6,1.84,0.27,Vegetable
2345102,114,2.71,0.08,41,0.888,0.869,0.735,1.3,84,0,1.46,19,0.347,20,1.32,11,0.058,0.7,0.41,0.01,298,0,0.055,14.2,1.76,0.22,Vegetable
2345103,254,4.42,0.053,43,0.104,0.673,0.178,4.1,62,0,1.6,33,1.18,55,2.92,0,0.347,0.9,0.8,0.113,241,0,0.147,93.4,0.66,0.39,Vegetable
2345104,272,4.74,0.057,46,0.111,0.721,0.191,4.4,50,0,1.72,35,1.202,59,3.13,0,0.353,1,0.86,0.109,245,0,0.15,70.1,0.71,0.42,Vegetable
2345105,150,5.28,0.067,44,0.092,0.595,0.158,2.3,65,0,0.84,25,0.456,42,2.93,0,0.14,1,1.12,0.063,146,0,0.063,17.7,1.6,0.27,Vegetable
2345106,117,2.79,0.082,19,0.02,0.119,0.069,1.3,87,0,1.5,20,0.357,21,1.35,0,0.06,0.7,0.42,0.01,296,0,0.04,14.6,1.46,0.23,Vegetable
2345107,265,4.61,0.055,69,1.047,1.515,0.906,4.3,48,0,1.67,34,1.167,58,3.05,12,0.343,0.9,0.84,0.106,251,0,0.163,68.1,1.05,0.41,Vegetable
2345108,265,4.61,0.055,69,1.047,1.515,0.906,4.3,48,0,1.67,34,1.167,58,3.05,12,0.343,0.9,0.84,0.106,251,0,0.163,68.1,1.05,0.41,Vegetable
2345109,146,5.14,0.065,66,0.962,1.335,0.823,2.2,63,0,0.82,24,0.443,41,2.85,11,0.136,1,1.09,0.061,153,0,0.077,17.2,1.9,0.26,Vegetable
2345110,250,4.85,0.191,54,1,1.054,0.721,2,14,0,0.68,22,0.871,44,3.11,11,0.252,0.9,0.6,0.097,390,0,0.185,35.8,2.13,0.29,Vegetable
2345111,115,4.67,0.165,27,0.092,0.038,0.01,3.2,12,0,1.64,32,0.8,58,2.86,0,0.11,0.9,1.32,0.08,151,0,0.18,70,2.01,0.25,Vegetable
2345112,123,5.01,0.177,29,0.099,0.041,0.011,3.4,10,0,1.76,34,0.815,62,3.07,0,0.112,1,1.42,0.077,154,0,0.183,52.5,2.15,0.27,Vegetable
2345113,101,3.1,0.058,19,0.113,0.047,0.013,2.8,70,0,1.12,13,0.257,24,2.26,0,0.053,0.6,0.32,0.04,353,0,0.108,13.8,1.35,0.2,Vegetable
2345114,117,2.79,0.082,19,0.02,0.119,0.069,1.3,87,0,1.5,20,0.357,21,1.35,0,0.06,0.7,0.42,0.01,296,0,0.04,14.6,1.46,0.23,Vegetable
2345115,120,4.87,0.172,53,1.035,0.854,0.731,3.3,9,0,1.71,33,0.791,61,2.99,12,0.109,0.9,1.38,0.075,162,0,0.196,51,2.46,0.26,Vegetable
2345116,120,4.87,0.172,53,1.035,0.854,0.731,3.3,9,0,1.71,33,0.791,61,2.99,12,0.109,0.9,1.38,0.075,162,0,0.196,51,2.46,0.26,Vegetable
2345117,98,3.02,0.056,41,0.983,0.803,0.683,2.7,68,0,1.09,13,0.25,24,2.21,11,0.051,0.6,0.32,0.039,354,0,0.121,13.4,1.65,0.19,Vegetable
2345118,52,3.01,0.122,42,0.886,0.927,0.759,1.5,9,0,1.16,14,1.065,32,2.24,11,0.242,0.9,1.55,0.068,432,0,0.124,79.4,1.16,0.18,Vegetable
2345135,102,7.13,0.051,128,2.153,0.612,4.126,1.1,46,4,1.01,29,0.45,99,5.72,103,0.232,9.7,2.48,0.087,252,0.37,0.084,0.6,1.11,0.57,Vegetable
2345136,244,9.91,0.131,129,1.746,0.773,3.774,2.8,71,7,1.75,63,0.817,131,7.02,51,0.216,8.5,1.06,0.129,428,0.18,0.109,1.1,2.4,0.89,Vegetable
2345137,59,3.94,0.053,100,2.384,2.118,1.518,1,32,0,0.6,38,0.301,77,5.24,15,0.129,3.5,1.89,0.042,123,0.08,0.108,9.2,1.64,0.34,Vegetable
2345138,66,8.79,0.137,89,1.484,1.697,0.563,3,92,0,1.58,81,0.514,69,4.1,0,0.154,0.9,1.81,0.079,221,0,0.201,16,2.23,0.66,Vegetable
2345139,112,6.98,0.281,68,1.002,1.134,0.878,3.9,98,0,2.35,47,1.496,63,5.19,12,0.451,0.9,3.14,0.196,251,0,0.162,37.9,2.47,0.43,Vegetable
2345140,137,4.35,0.252,20,0.015,0.091,0.053,3.5,118,0,0.8,22,0.41,29,1.14,0,0.072,0.9,0.53,0.045,380,0,0.179,27.3,1.87,0.14,Vegetable
2345141,152,4.96,0.15,29,0.028,0.169,0.099,3.4,39,0,1.93,26,0.467,34,3.34,0,0.074,1.2,0.75,0.054,536,0,0.067,21.7,2.65,0.41,Vegetable
2345142,117,2.79,0.082,19,0.02,0.119,0.069,1.3,87,0,1.5,20,0.357,21,1.35,0,0.06,0.7,0.42,0.01,296,0,0.04,14.6,1.46,0.23,Vegetable
2345143,133,4.23,0.245,42,0.888,0.845,0.722,3.4,114,0,0.78,21,0.398,28,1.11,11,0.07,0.9,0.52,0.044,380,0,0.191,26.5,2.16,0.14,Vegetable
2345144,133,4.23,0.245,42,0.888,0.845,0.722,3.4,114,0,0.78,21,0.398,28,1.11,11,0.07,0.9,0.52,0.044,380,0,0.191,26.5,2.16,0.14,Vegetable
2345145,148,4.83,0.145,51,0.9,0.922,0.766,3.3,38,0,1.88,25,0.453,33,3.25,11,0.072,1.2,0.73,0.052,532,0,0.081,21.1,2.92,0.4,Vegetable
2345146,114,2.71,0.08,41,0.888,0.869,0.735,1.3,84,0,1.46,19,0.347,20,1.32,11,0.058,0.7,0.41,0.01,298,0,0.055,14.2,1.76,0.22,Vegetable
2345147,120,1.29,0.077,11,0.008,0.035,0.027,0.5,9,0,0.2,21,0.2,60,2.3,0,0.12,0.9,0.2,0.09,160,0,0.129,43,1,0.11,Vegetable
2345148,125,1.35,0.08,36,0.947,0.85,0.749,0.5,7,0,0.21,22,0.198,63,2.4,12,0.119,0.9,0.21,0.084,170,0,0.145,31.3,1.41,0.12,Vegetable
2345149,41,6.47,0.195,56,0.878,0.837,0.701,1.8,85,0,0.99,91,0.963,75,3.49,11,0.273,0.9,1.01,0.142,128,0,0.752,53.8,1.74,0.29,Vegetable
2345150,32,7.15,0.032,57,0.885,0.887,0.733,1.8,47,0,0.61,46,0.971,39,2.12,11,0.259,0.9,5.31,0.109,154,0,0.171,1.5,1.27,0.25,Vegetable
2345162,41,15.82,0.076,112,0.867,0.385,1.85,1.9,53,20,1.07,20,1.234,71,3.59,30,0.125,9.5,1.34,0.157,34,0.05,0.113,42.1,0.18,0.51,Vegetable
2345163,79,15.09,0.053,106,0.766,0.561,1.611,1.9,49,19,0.92,14,1.007,77,4.13,24,0.087,5.2,1.23,0.12,50,0.05,0.101,19.8,0.76,0.52,Vegetable
2345164,43,22.41,0.07,223,4.976,5.039,1.816,1.7,63,33,1.78,17,1.987,66,4.28,5,0.167,5.9,0.88,0.274,8,0.04,0.089,30.6,2.03,0.42,Vegetable
2345195,12,5.91,0.088,25,0.012,0.022,0.01,1.1,26,0,0.57,14,0.136,14,0.72,0,0.034,0.4,4.84,0.009,1,0,0.05,2.5,0.03,0.21,Vegetable
2345196,24,9.28,0.046,40,0.007,0.071,0.027,0.8,4,0,0.46,14,0.386,42,0.95,0,0.055,0.6,3.91,0.092,956,0,0.217,8.5,1.16,0.18,Vegetable
2345197,30,12.48,0.115,63,0.024,0.15,0.053,4.4,37,0,0.92,23,1.516,74,3.3,0,0.094,1,5.41,0.155,431,0,0.143,20.3,0.41,0.77,Vegetable
2345198,29,11.06,0.092,58,0.012,0.146,0.024,3.8,33,0,0.97,16,0.97,54,2.97,0,0.073,0.8,4.29,0.161,474,0,0.1,6,0.36,0.47,Vegetable
2345199,24,8.45,0.105,46,0.04,0.233,0.09,3.2,19,0,0.91,13,0.766,46,2.56,0,0.041,1,2.74,0.059,300,0,0.084,3.1,0.56,0.46,Vegetable
2345200,30,12.12,0.111,85,0.933,0.934,0.75,4.3,36,0,0.9,23,1.472,72,3.21,11,0.091,1,5.25,0.151,430,0,0.156,19.7,0.75,0.75,Vegetable
2345201,30,12.12,0.111,85,0.933,0.934,0.75,4.3,36,0,0.9,23,1.472,72,3.21,11,0.091,1,5.25,0.151,430,0,0.156,19.7,0.75,0.75,Vegetable
2345202,28,10.74,0.09,80,0.885,0.898,0.694,3.7,32,0,0.95,16,0.942,53,2.89,11,0.071,0.8,4.17,0.156,472,0,0.114,5.9,0.69,0.46,Vegetable
2345203,24,8.21,0.102,68,0.915,0.986,0.759,3.1,18,0,0.89,13,0.743,44,2.49,11,0.04,1,2.66,0.058,303,0,0.098,3,0.88,0.45,Vegetable
2345204,26,7.86,0.104,56,0.912,0.774,0.814,2.8,11,0,1.35,22,0.356,34,1.08,11,0.053,0.4,3.21,0.022,767,0,0.071,3.7,1.37,0.17,Vegetable
2345205,22,6.77,0.132,52,0.953,0.819,0.775,0.5,14,0,0.84,13,0.593,46,1.05,12,0.109,0.3,2.88,0.047,433,0,0.075,8,1.47,0.33,Vegetable
2345206,21,6.5,0.127,26,0.013,0.005,0.052,0.5,16,0,0.8,12,0.6,44,1,0,0.11,0.3,2.76,0.05,426,0,0.061,9,1.06,0.32,Vegetable
2345207,22,8.82,0.082,37,0.026,0.147,0.072,2.8,20,0,0.44,13,0.494,19,0.89,0,0.067,0.4,3.29,0.016,260,0,0.161,9.6,0.12,0.22,Vegetable
2345208,22,8.57,0.079,59,0.899,0.899,0.74,2.7,19,0,0.43,13,0.479,19,0.87,11,0.065,0.4,3.2,0.016,264,0,0.172,9.3,0.46,0.21,Vegetable
2345209,35,12.14,0.067,78,0.701,0.446,0.747,2.1,27,3,0.79,13,0.541,57,3.4,36,0.141,6.4,5.77,0.047,225,0.17,0.134,7,0.28,0.44,Vegetable
2345210,26,16.82,0.089,110,1.427,1.294,1.124,2.4,6,0,0.69,17,0.511,31,1.31,18,0.045,0.2,5.45,0.053,765,0,0.183,12.1,1.45,0.19,Vegetable
2345211,37,19.66,0.153,123,1.429,1.324,1.144,3.1,6,0,0.66,26,1.411,52,1.92,18,0.101,0.2,6.16,0.102,930,0,0.298,18.6,1.23,0.3,Vegetable
2345212,38,20.63,0.16,90,0.002,0.092,0.052,3.3,6,0,0.69,27,1.481,54,2,0,0.106,0.2,6.45,0.107,957,0,0.285,19.5,0.71,0.32,Vegetable
2345213,37,19.66,0.153,123,1.429,1.324,1.144,3.1,6,0,0.66,26,1.411,52,1.92,18,0.101,0.2,6.16,0.102,930,0,0.298,18.6,1.23,0.3,Vegetable
2345214,26,16.82,0.089,110,1.427,1.294,1.124,2.4,6,0,0.69,17,0.511,31,1.31,18,0.045,0.2,5.45,0.053,765,0,0.183,12.1,1.45,0.19,Vegetable
2345215,27,17.65,0.094,76,0,0.061,0.031,2.5,6,0,0.72,18,0.536,32,1.36,0,0.047,0.2,5.72,0.056,784,0,0.164,12.7,0.94,0.2,Vegetable
2345216,26,16.82,0.089,110,1.427,1.294,1.124,2.4,6,0,0.69,17,0.511,31,1.31,18,0.045,0.2,5.45,0.053,765,0,0.183,12.1,1.45,0.19,Vegetable
2345217,20,37.46,0.069,182,1.071,0.972,0.844,1.8,4,0,0.53,13,0.383,23,0.99,13,0.038,0.3,28.97,0.04,574,0,0.138,9.1,1.09,0.15,Vegetable
2345218,22,20.05,0.132,124,1.434,1.316,1.134,1.7,16,0,0.85,21,0.703,47,1.58,18,0.054,0.7,4.75,0.035,397,0,0.207,25,1.5,0.17,Vegetable
2345219,22,21.04,0.138,91,0.008,0.084,0.041,1.8,17,0,0.89,22,0.738,49,1.64,0,0.057,0.7,4.98,0.037,397,0,0.189,26.3,1,0.18,Vegetable
2345220,22,20.05,0.132,124,1.434,1.316,1.134,1.7,16,0,0.85,21,0.703,47,1.58,18,0.054,0.7,4.75,0.035,397,0,0.207,25,1.5,0.17,Vegetable
2345221,42,16.96,0.075,94,0.646,0.155,1.393,1.9,5,0,0.57,16,0.44,43,1.68,18,0.075,0.8,7.61,0.049,632,0.04,0.138,10.1,0.78,0.23,Vegetable
2345222,55,37.45,0.186,192,3.898,3.014,1.218,6,32,0,0.81,27,0.734,62,2.27,0,0.097,0.4,13.58,0.092,457,0,0.186,7.5,1.57,0.4,Vegetable
2345224,55,37.45,0.186,192,3.898,3.014,1.218,6,32,0,0.81,27,0.734,62,2.27,0,0.097,0.4,13.58,0.092,457,0,0.186,7.5,1.57,0.4,Vegetable
2345225,35,18.76,0.146,163,3.654,3.729,1.285,3,5,0,0.64,24,1.347,49,1.82,0,0.096,0.2,5.87,0.097,870,0,0.259,17.8,2.11,0.29,Vegetable
2345226,46,31.63,0.157,305,8.269,7.636,6.257,5.1,27,0,0.69,23,0.62,52,1.92,0,0.082,0.4,11.47,0.078,386,0,0.157,6.3,3,0.34,Vegetable
2345227,55,37.45,0.186,192,3.898,3.014,1.218,6,32,0,0.81,27,0.734,62,2.27,0,0.097,0.4,13.58,0.092,457,0,0.186,7.5,1.57,0.4,Vegetable
2345228,55,37.3,0.186,191,3.882,3.002,1.213,6,32,0,0.81,27,0.731,62,2.26,0,0.096,0.4,13.52,0.092,455,0,0.186,7.5,1.56,0.4,Vegetable
2345229,51,34.87,0.173,240,5.763,4.989,3.376,5.6,30,0,0.76,25,0.683,58,2.12,0,0.09,0.4,12.64,0.086,425,0,0.173,7,2.18,0.37,Vegetable
2345230,55,37.45,0.186,192,3.898,3.014,1.218,6,32,0,0.81,27,0.734,62,2.27,0,0.097,0.4,13.58,0.092,457,0,0.186,7.5,1.57,0.4,Vegetable
2345236,37,14.1,0.09,110,1.004,0.467,2.46,1.9,21,7,0.89,17,1.276,48,2.7,37,0.067,3.3,3.74,0.137,72,0.04,0.096,12.2,0.48,0.36,Vegetable
2345238,29,21.78,0.075,216,4.986,5.071,1.814,1.3,46,33,1.64,13,2.014,50,3.68,5,0.133,5.3,1.58,0.264,24,0.04,0.057,6.2,2.23,0.33,Vegetable
2345239,12,9.09,0.076,40,0.025,0.067,0.023,0.9,5,0,0.43,8,0.394,23,1,0,0.032,0.4,8.19,0.047,25,0,0.064,18.4,0.32,0.06,Vegetable
2345241,10,4.32,0.057,23,0.005,0.027,0.019,0.4,19,0,0.3,10,0.086,19,0.86,0,0.078,0.5,2.57,0.042,23,0,0.076,49.8,0.32,0.1,Vegetable
2345242,10,4.32,0.057,23,0.005,0.027,0.019,0.4,19,0,0.3,10,0.086,19,0.86,0,0.078,0.5,2.57,0.042,23,0,0.076,49.8,0.32,0.1,Vegetable
2345243,14,3.87,0.068,22,0.06,0.076,0.088,0.5,21,0,0.28,11,0.722,19,0.93,0,0.033,0.2,2.84,0.05,35,0,0.071,54.3,1.02,0.12,Vegetable
2345244,14,3.87,0.068,22,0.06,0.076,0.088,0.5,21,0,0.28,11,0.722,19,0.93,0,0.033,0.2,2.84,0.05,35,0,0.071,54.3,1.02,0.12,Vegetable
2345245,11,4.59,0.2,22,0.016,0.042,0.014,0.8,21,0,0.42,11,0.73,17,0.6,0,0.03,0.5,3.28,0.04,78,0,0.14,27.7,0.32,0.2,Vegetable
2345283,32,5.71,0.048,29,0.022,0.07,0.035,2,33,0,0.35,14,0.635,37,1.25,0,0.062,0.5,2.53,0.053,224,0,0.12,29.1,0.42,0.23,Vegetable
2345284,13,5.94,0.164,30,0.022,0.058,0.046,1.8,61,0,0.91,21,0.749,54,3.04,0,0.124,0.6,4.13,0.084,1,0,0.088,13.2,0.1,0.41,Vegetable
2345285,32,2.1,0.157,23,0.056,0.409,0.069,1.9,36,0,0.96,27,0.481,70,3.99,0,0.126,0.6,0.2,0.076,8,0,0.034,8.2,0.02,0.92,Vegetable
2345286,21,11.95,0.127,53,0.011,0.145,0.079,5.7,89,0,0.61,42,1.11,73,2.89,0,0.089,0.2,0.99,0.05,1,0,0.081,7.4,0.19,0.4,Vegetable
2345287,24,3.88,0.189,20,0,0.05,0.04,2.1,52,0,2.14,14,0.978,52,2.2,0,0.141,2.3,1.88,0.143,38,0,0.091,5.6,1.13,0.54,Vegetable
2345288,13,5.94,0.164,30,0.022,0.058,0.046,1.8,61,0,0.91,21,0.749,54,3.04,0,0.124,0.6,4.13,0.084,1,0,0.088,13.2,0.1,0.41,Vegetable
2345290,16,9.56,0.075,43,0.032,0.06,0.027,2.8,109,0,0.8,23,0.334,40,1.61,0,0.04,0.7,6.76,0.031,2,0,0.067,4.9,0.04,0.35,Vegetable
2345291,33,6.09,0.041,31,0.028,0.133,0.047,3.2,57,0,0.73,20,0.734,62,2.95,0,0.102,0.6,3.03,0.08,8,0,0.222,88.1,0.04,0.64,Vegetable
2345292,42,8.95,0.07,43,0.023,0.153,0.062,3.8,61,0,1.4,23,0.745,69,3.38,0,0.09,1.6,2.2,0.139,38,0,0.219,85,0.88,0.42,Vegetable
2345296,164,3.33,0.052,16,0.018,0.05,0.016,2.2,3,0,0.59,52,0.41,16,1.32,0,0.041,0.7,1.15,0.012,23,0,0.07,9.3,0,0.25,Vegetable
2345297,22,4.97,0.039,25,0.034,0.031,0.13,2,57,0,0.42,15,0.507,44,1.92,0,0.06,0.6,1.91,0.05,0,0,0.184,48.2,0.08,0.27,Vegetable
2345298,40,2.97,0.035,14,0.032,0.079,0.042,1.6,36,0,0.2,11,0.32,24,0.69,0,0.057,0.4,1.34,0.021,22,0,0.074,3.1,0.27,0.13,Vegetable
2345299,49,7.3,0.066,31,0.068,0.169,0.09,3.1,27,0,0.73,17,0.64,50,1.24,0,0.032,0.7,3.93,0.01,48,0,0.047,12,0.58,0.2,Vegetable
2345304,16,3.63,0.041,15,0.005,0.032,0.037,0.5,7,0,0.28,13,0.098,24,0.65,0,0.033,0.3,1.67,0.027,5,0,0.04,2.8,0.03,0.2,Vegetable
2345305,9,5.88,0.081,25,0.016,0.076,0.034,3,22,0,0.23,14,0.649,24,0.98,0,0.037,0.3,3.53,0.039,1,0,0.084,2.2,0.3,0.16,Vegetable
2345307,12,8.82,0.048,38,0.005,0.043,0.021,4.9,12,0,0.6,12,0.2,18,0.72,0,0.029,0.7,1.8,0.02,1,0,0.042,20.2,0.46,0.16,Vegetable
2345308,24,6.2,0.129,27,0.007,0.048,0.013,3.6,16,0,0.4,19,0.4,46,1.7,0,0.02,0.7,2.6,0.05,2,0,0.15,62,0.48,0.03,Vegetable
2345313,5,4.13,0.364,31,0,0.16,0.05,1,35,0,0.23,10,3.913,93,2.9,0,0.453,19,1.98,0.053,0,0.04,0.082,2.1,0.01,0.5,Vegetable
2345317,25,14.45,0.176,81,0.035,0.187,0.071,5.7,65,0,1.47,33,2.09,108,5.42,0,0.132,1.8,5.67,0.266,38,0,0.169,40,0.13,1.24,Vegetable
2345319,9,5.13,0.049,22,0.008,0.095,0.058,1.8,23,0,0.37,11,0.655,22,0.91,0,0.048,0,3.03,0.056,67,0,0.247,97,0.79,0.17,Vegetable
2345320,10,4.64,0.066,20,0.008,0.062,0.058,1.7,10,0,0.34,10,0.48,20,0.86,0,0.028,0,2.4,0.057,18,0,0.224,80.4,0.37,0.13,Vegetable
2345321,7,6.03,0.017,26,0.007,0.156,0.059,2.1,46,0,0.43,12,0.979,26,0.99,0,0.085,0.1,4.2,0.054,157,0,0.291,127.7,1.58,0.25,Vegetable
2345322,14,5.35,0.094,27,0.027,0.243,0.048,3.4,29,0,0.46,17,1.242,32,1.66,0,0.054,0.3,1.95,0.081,17,0,0.357,82.7,0.69,0.25,Vegetable
2345323,25,3.4,0.05,16,0.017,0.048,0.032,1.6,25,0,0.34,10,0.254,20,0.68,0,0.039,0.6,1.86,0.012,0,0,0.071,14.8,0,0.28,Vegetable
2345324,43,8.62,0.032,37,0.025,0.088,0.027,2.3,21,0,0.44,20,0.7,53,1.08,0,0.04,0.7,4.46,0.09,0,0,0.1,25,0.3,0.24,Vegetable
2345325,129,7.94,0.226,41,0.06,0.125,0.146,0.7,174,0,2.28,77,1.18,60,3.51,0,0.275,0.7,0.58,0.069,95,0,0.054,15,0.96,0.89,Vegetable
2345326,43,7.55,0.079,42,0.021,0.089,0.039,2.6,42,0,2.08,24,0.6,53,2.8,0,0.08,0.7,4,0.15,54,0,0.16,60,0.39,0.27,Vegetable
2345327,21,3.88,0.092,19,0.013,0.082,0.093,1,19,0,0.44,20,0.448,32,1.01,0,0.041,0.2,2.88,0.051,8,0,0.104,19.3,0.13,0.29,Vegetable
2345328,16,3.11,0.053,17,0.011,0.091,0.084,1,24,0,0.37,18,0.451,38,1.21,0,0.094,0.2,2.5,0.045,10,0,0.163,17.9,0.12,0.32,Vegetable
2345329,30,6.43,0.085,28,0.006,0.053,0.011,1.8,15,0,0.3,11,0.4,27,0.9,0,0.03,0.7,3.8,0.04,0,0,0.09,21,0.03,0.27,Vegetable
2345330,32,6.12,0.04,27,0.02,0.075,0.034,1.2,20,0,0.33,12,0.353,33,0.82,0,0.056,0.5,2.62,0.056,489,0,0.146,5.8,0.72,0.16,Vegetable
2345331,40,2.97,0.035,14,0.032,0.079,0.042,1.6,36,0,0.2,11,0.32,24,0.69,0,0.057,0.4,1.34,0.021,22,0,0.074,3.1,0.27,0.13,Vegetable
2345348,30,2.48,0.03,78,2.776,0.88,2.338,1,29,0,0.76,13,0.886,46,2.99,1,0.077,3.3,0.66,0.084,295,0.06,0.102,6.6,0.22,0.32,Vegetable
2345349,60,5.66,0.04,227,5.014,10.406,4.374,1.3,26,0,0.55,10,0.642,78,4.76,33,0.104,6.4,3.19,0.086,57,0.21,0.083,6,0.95,0.59,Vegetable
2345350,67,3.84,0.072,44,0.784,0.258,0.852,1.6,36,0,1.07,15,0.94,49,2.62,7,0.104,3.2,1.34,0.062,239,0.11,0.092,5.5,0.41,0.43,Vegetable
2345351,60,2.09,0.069,84,1.924,0.833,1.549,1.2,93,0,1.22,71,1.119,91,7.02,32,0.264,10,0.54,0.107,236,0.31,0.202,19.1,1.71,0.75,Vegetable
2345352,26,2.48,0.061,92,2.117,0.63,1.045,1.2,27,0,0.54,18,3.643,121,11.36,15,0.124,11.2,1.08,0.074,57,0.2,0.188,8.9,0.66,0.57,Vegetable
2345353,8,3.75,0,15,0,0,0,0,0,0,0.15,0,0,0,0,0,0,0,3.75,0,0,0,0,3.8,0,0,Fruit
2345354,21,11.91,0.127,53,0.011,0.145,0.079,5.7,89,0,0.61,42,1.107,73,2.88,0,0.089,0.2,0.99,0.05,1,0,0.081,7.4,0.19,0.4,Vegetable
2345355,21,11.91,0.127,53,0.011,0.145,0.079,5.7,89,0,0.61,42,1.107,73,2.88,0,0.089,0.2,0.99,0.05,1,0,0.081,7.4,0.19,0.4,Vegetable
2345356,21,11.57,0.123,74,0.884,0.897,0.747,5.5,86,0,0.59,41,1.075,71,2.81,11,0.086,0.2,0.96,0.048,12,0,0.095,7.2,0.52,0.39,Vegetable
2345357,26,4.16,0.203,21,0,0.054,0.043,2.3,47,0,2.29,15,0.996,56,2.36,0,0.144,2.5,2.02,0.138,39,0,0.088,5.1,1.21,0.58,Vegetable
2345358,18,1.91,0.105,18,0.013,0.184,0.096,1.6,135,0,0.56,10,1.035,49,2.94,0,0.103,3.9,0.32,0.065,40,0,0.02,24.3,1.2,0.41,Vegetable
2345359,16,2.46,0.096,19,0.021,0.284,0.147,1.6,91,0,1.83,10,0.954,43,2.14,0,0.1,1.7,1.06,0.058,41,0,0.11,16.6,1.22,0.4,Vegetable
2345360,25,4.04,0.197,45,0.939,0.866,0.762,2.2,46,0,2.23,15,0.967,54,2.3,12,0.14,2.4,1.96,0.134,50,0,0.103,5,1.54,0.56,Vegetable
2345361,25,4.04,0.197,45,0.939,0.866,0.762,2.2,46,0,2.23,15,0.967,54,2.3,12,0.14,2.4,1.96,0.134,50,0,0.103,5,1.54,0.56,Vegetable
2345362,18,1.86,0.102,40,0.886,0.936,0.763,1.5,131,0,0.55,10,1.005,48,2.86,11,0.1,3.8,0.32,0.063,50,0,0.036,23.6,1.5,0.4,Vegetable
2345363,16,2.39,0.093,41,0.896,1.035,0.815,1.6,89,0,1.78,10,0.926,42,2.09,11,0.097,1.6,1.03,0.056,51,0,0.123,16.1,1.52,0.39,Vegetable
2345364,25,4.04,0.197,49,1.259,1.309,0.468,2.2,46,0,2.23,15,0.967,54,2.29,0,0.139,2.4,1.96,0.134,38,0,0.085,5,1.68,0.56,Vegetable
2345365,26,4.05,0.197,42,0.619,0.423,1.057,2.2,46,0,2.23,15,0.967,55,2.31,24,0.14,2.4,1.97,0.134,62,0,0.12,5,1.4,0.56,Vegetable
2345366,18,1.86,0.102,44,1.183,1.348,0.49,1.5,131,0,0.55,10,1.005,47,2.86,0,0.1,3.8,0.31,0.063,39,0,0.019,23.6,1.63,0.4,Vegetable
2345367,18,1.87,0.102,37,0.589,0.524,1.037,1.5,131,0,0.54,10,1.005,48,2.87,22,0.1,3.8,0.32,0.063,61,0,0.052,23.6,1.37,0.4,Vegetable
2345368,16,2.39,0.093,45,1.195,1.448,0.541,1.6,89,0,1.78,10,0.926,42,2.08,0,0.097,1.6,1.03,0.056,40,0,0.107,16.1,1.66,0.39,Vegetable
2345369,16,2.4,0.093,38,0.598,0.622,1.089,1.6,89,0,1.78,10,0.926,42,2.09,22,0.097,1.6,1.04,0.056,63,0,0.14,16.1,1.4,0.39,Vegetable
2345370,8,3.13,0.111,41,0.885,0.932,0.762,1.4,3,0,0.31,4,0.136,25,1.68,11,0.025,0.5,1.84,0.024,12,0,0.148,1,0.95,0.63,Vegetable
2345371,30,19.26,0.169,103,0.02,0.163,0.077,5.3,21,0,1.82,42,1.066,97,6.05,0,0.061,0.6,1.34,0.074,10,0,0.122,12.8,0.29,0.74,Vegetable
2345372,29,18.71,0.165,123,0.893,0.915,0.745,5.1,20,0,1.76,41,1.035,94,5.88,11,0.059,0.6,1.3,0.072,21,0,0.134,12.4,0.62,0.72,Vegetable
2345373,30,18.62,0.164,122,0.888,0.91,0.741,5.1,20,0,1.76,40,1.03,94,5.86,11,0.059,0.6,1.3,0.071,21,0,0.134,12.3,0.62,0.71,Vegetable
2345392,39,22.69,0.074,220,4.975,5.077,1.82,1.8,52,33,1.92,18,2.022,54,3.98,5,0.163,5.5,1.62,0.276,18,0.04,0.071,4.1,2.14,0.35,Vegetable
2345394,56,6.08,0.256,116,1.838,3.224,1.31,3.3,40,0,2.81,48,0.589,132,9.8,11,0.187,3.8,2.83,0.099,12,0,0.156,6.3,0.54,0.78,Vegetable
2345395,17,9.93,0.078,45,0.033,0.062,0.028,2.9,96,0,0.83,24,0.33,42,1.67,0,0.039,0.7,7.02,0.029,2,0,0.063,4.3,0.04,0.36,Vegetable
2345396,15,7.21,0.059,31,0.027,0.049,0.022,1.8,28,0,1.82,17,0.157,17,0.91,0,0.04,0.5,5.51,0.01,1,0,0.057,3.7,0.03,0.21,Vegetable
2345397,15,7,0.057,53,0.902,0.807,0.694,1.7,28,0,1.77,17,0.153,17,0.89,11,0.039,0.5,5.36,0.009,12,0,0.072,3.6,0.37,0.2,Vegetable
2345398,17,9.65,0.076,67,0.942,0.849,0.726,2.8,93,0,0.81,23,0.32,41,1.63,11,0.039,0.7,6.82,0.028,14,0,0.078,4.2,0.39,0.35,Vegetable
2345399,15,7,0.057,53,0.902,0.807,0.694,1.7,28,0,1.77,17,0.153,17,0.89,11,0.039,0.5,5.36,0.009,12,0,0.072,3.6,0.37,0.2,Vegetable
2345400,14,6.79,0.1,53,0.945,0.834,0.727,1.2,29,0,0.65,17,0.156,17,0.84,12,0.039,0.5,5.56,0.01,13,0,0.074,2.6,0.39,0.24,Vegetable
2345401,9,4.19,0.032,41,0.905,0.833,0.684,1.9,49,0,0.37,16,0.271,35,0.82,11,0.051,0.2,1.89,0.049,17,0,0.056,31.9,0.48,0.75,Vegetable
2345402,17,26.26,0.081,123,0.906,0.821,0.717,4.7,12,0,0.53,24,0.828,29,1.04,11,0.028,0.6,10.65,0.096,11,0,0.103,23.9,0.44,0.12,Vegetable
2345403,34,6.15,0.041,55,0.938,0.923,0.746,3.2,49,0,0.74,20,0.703,63,2.98,11,0.098,0.6,3.06,0.073,19,0,0.219,75.5,0.39,0.65,Vegetable
2345404,44,9.3,0.073,45,0.024,0.159,0.064,3.9,54,0,1.45,24,0.735,72,3.51,0,0.089,1.7,2.28,0.13,37,0,0.205,75,0.91,0.44,Vegetable
2345405,26,8.3,0.034,42,0.03,0.199,0.081,4.1,101,0,0.48,18,0.535,56,3.63,0,0.113,0.6,2.07,0.103,46,0,0.288,45.6,0.51,0.24,Vegetable
2345406,43,9.03,0.071,67,0.933,0.943,0.761,3.8,52,0,1.42,23,0.714,70,3.42,11,0.086,1.6,2.22,0.126,48,0,0.216,72.9,1.24,0.42,Vegetable
2345407,43,9.03,0.071,67,0.933,0.943,0.761,3.8,52,0,1.42,23,0.714,70,3.42,11,0.086,1.6,2.22,0.126,48,0,0.216,72.9,1.24,0.42,Vegetable
2345408,26,8.06,0.033,64,0.902,0.951,0.749,4,98,0,0.47,17,0.52,54,3.53,11,0.11,0.6,2.02,0.1,56,0,0.296,44.2,0.83,0.23,Vegetable
2345409,43,18.06,0.08,100,0.978,0.875,0.747,3.4,20,0,0.84,40,0.297,53,1.6,12,0.03,0.7,3.02,0.009,12,0,0.242,2.7,0.76,0.34,Vegetable
2345418,164,3.32,0.052,16,0.018,0.05,0.016,2.2,3,0,0.59,52,0.388,16,1.32,0,0.039,0.7,1.15,0.011,22,0,0.063,7.9,0,0.25,Vegetable
2345419,159,3.23,0.05,38,0.891,0.805,0.686,2.1,3,0,0.57,50,0.377,16,1.29,11,0.038,0.7,1.12,0.011,33,0,0.077,7.7,0.34,0.24,Vegetable
2345420,23,5.16,0.041,26,0.035,0.032,0.135,2.1,50,0,0.44,16,0.5,46,1.99,0,0.059,0.6,1.98,0.047,0,0,0.172,42.5,0.08,0.28,Vegetable
2345421,17,3.74,0.024,19,0.015,0.105,0.034,2.7,41,0,0.41,9,0.309,24,1.6,0,0.053,0.6,1.05,0.037,0,0,0.088,31.2,0.06,0.13,Vegetable
2345422,23,5.02,0.039,49,0.944,0.82,0.829,2,49,0,0.43,15,0.486,45,1.94,11,0.058,0.6,1.93,0.045,12,0,0.184,41.3,0.44,0.27,Vegetable
2345423,23,5.02,0.039,49,0.944,0.82,0.829,2,49,0,0.43,15,0.486,45,1.94,11,0.058,0.6,1.93,0.045,12,0,0.184,41.3,0.44,0.27,Vegetable
2345424,17,3.64,0.023,41,0.888,0.859,0.703,2.6,40,0,0.4,9,0.3,24,1.57,11,0.051,0.6,1.02,0.036,11,0,0.102,30.3,0.4,0.13,Vegetable
2345425,22,5.01,0.039,52,1.254,1.249,0.544,2,49,0,0.43,15,0.486,44,1.94,0,0.057,0.6,1.93,0.045,0,0,0.167,41.3,0.57,0.27,Vegetable
2345426,23,5.02,0.039,46,0.634,0.391,1.114,2,49,0,0.42,15,0.486,45,1.95,23,0.058,0.6,1.94,0.046,24,0,0.201,41.3,0.3,0.27,Vegetable
2345427,17,3.63,0.023,45,1.185,1.271,0.43,2.6,40,0,0.4,9,0.3,23,1.56,0,0.051,0.6,1.02,0.036,0,0,0.085,30.3,0.53,0.13,Vegetable
2345428,17,3.64,0.023,38,0.59,0.447,0.977,2.6,40,0,0.4,9,0.3,24,1.58,22,0.052,0.6,1.03,0.036,23,0,0.118,30.3,0.27,0.13,Vegetable
2345429,42,3.1,0.036,39,0.972,0.896,0.765,1.7,32,0,0.21,11,0.317,25,0.73,12,0.057,0.4,1.4,0.02,34,0,0.087,2.7,0.65,0.14,Vegetable
2345430,56,8.32,0.075,62,1.105,1.083,0.891,3.5,26,0,0.84,19,0.693,57,1.42,13,0.035,0.8,4.48,0.01,65,0,0.067,11.6,1.06,0.23,Vegetable
2345431,18,4.7,0.128,44,0.95,0.873,0.75,1.8,82,0,0.36,13,0.465,19,0.86,12,0.029,0.2,1.73,0.024,12,0,0.089,6.8,0.49,0.77,Vegetable
2345451,19,4.14,0.047,44,1.033,0.927,0.831,0.6,7,0,0.32,15,0.106,28,0.75,13,0.036,0.3,1.91,0.028,19,0,0.06,2.7,0.43,0.23,Vegetable
2345452,10,6.3,0.087,27,0.017,0.081,0.036,3.2,20,0,0.25,15,0.661,26,1.05,0,0.038,0.3,3.78,0.038,1,0,0.081,2,0.32,0.17,Vegetable
2345453,10,6.13,0.084,51,0.956,0.893,0.756,3.1,20,0,0.24,15,0.642,25,1.03,12,0.037,0.3,3.68,0.037,13,0,0.096,1.9,0.68,0.17,Vegetable
2345454,36,3.2,0.097,37,0.883,0.761,0.71,0.9,40,0,0.86,24,0.3,33,1.06,11,0.031,0.7,2.33,0.018,96,0,0.065,4.8,0.38,0.1,Vegetable
2345457,25,6.26,0.13,51,0.917,0.837,0.711,3.6,14,0,0.41,19,0.383,47,1.72,11,0.019,0.7,2.63,0.045,14,0,0.153,53.1,0.84,0.03,Vegetable
2345459,26,15.51,0.21,87,0.887,0.771,0.691,3,8,0,0.87,21,0.291,76,1.54,11,0.01,0.6,0.49,0.123,11,0,0.227,26.5,0.35,0.32,Vegetable
2345460,6,5.15,0.454,39,0,0.199,0.062,1.2,37,0,0.28,12,4.633,116,3.61,0,0.536,23.7,2.47,0.059,0,0.05,0.092,2.2,0.01,0.62,Vegetable
2345461,6,5,0.441,66,1.092,1.14,0.898,1.2,36,0,0.28,12,4.498,113,3.52,14,0.521,23,2.4,0.058,14,0.05,0.11,2.2,0.44,0.6,Vegetable
2345462,6,5,0.441,66,1.092,1.14,0.898,1.2,36,0,0.28,12,4.498,113,3.52,14,0.521,23,2.4,0.058,14,0.05,0.11,2.2,0.44,0.6,Vegetable
2345463,11,4.95,0.228,47,0.881,0.869,0.709,2.3,11,0,0.77,15,1.547,64,1.82,11,0.021,4,2.28,0.078,11,0,0.076,0,0.35,0.7,Vegetable
2345464,6,5,0.44,70,1.464,1.655,0.556,1.2,36,0,0.28,12,4.498,113,3.5,0,0.521,23,2.4,0.058,0,0.05,0.089,2.2,0.6,0.6,Vegetable
2345465,7,5.01,0.441,62,0.72,0.625,1.241,1.2,36,0,0.28,12,4.498,113,3.52,27,0.521,23,2.41,0.058,28,0.05,0.13,2.2,0.28,0.6,Vegetable
2345466,1,8.15,0.05,44,0,0.16,0.05,1,32,0,0.14,14,2.733,76,2.4,0,0.215,1.2,1.97,0.001,0,0.04,0.159,2.1,0.01,0.76,Vegetable
2345467,88,7.99,0.117,35,0.018,0.029,0.028,3.4,55,0,0.66,61,1.018,65,2.07,0,0.061,0.8,1.59,0.193,37,0,0.207,21,0.29,0.62,Vegetable
2345468,74,6.39,0.076,29,0.04,0.064,0.063,2.1,100,0,0.52,40,0.614,37,1.62,0,0.096,0.6,2.86,0.073,15,0,0.037,9.6,0.32,0.49,Vegetable
2345469,86,7.76,0.114,59,0.957,0.842,0.748,3.3,53,0,0.65,59,0.989,64,2.02,12,0.06,0.7,1.55,0.187,48,0,0.219,20.4,0.65,0.6,Vegetable
2345470,86,7.76,0.114,59,0.957,0.842,0.748,3.3,53,0,0.65,59,0.989,64,2.02,12,0.06,0.7,1.55,0.187,48,0,0.219,20.4,0.65,0.6,Vegetable
2345471,72,6.21,0.074,51,0.912,0.819,0.731,2,97,0,0.51,39,0.596,36,1.59,11,0.093,0.6,2.78,0.071,26,0,0.052,9.3,0.65,0.48,Vegetable
2345477,18,24.8,0.623,134,0.878,0.843,0.715,1.5,20,0,1.64,10,0.828,136,2.62,11,0.166,0.7,16.62,0.044,14,0,0.722,6.6,0.82,3.61,Vegetable
2345478,36,16.47,0.134,92,0.982,0.803,0.719,3.5,56,0,0.56,28,0.701,67,1.29,11,0.05,1.6,4.65,0.08,11,0,0.106,12.6,1.31,0.25,Vegetable
2345479,23,23.01,0.178,151,0.931,1.028,0.84,6.2,137,0,2.06,48,0.705,118,8.23,11,0.062,3.3,4.32,0.252,15,0,0.108,2.5,0.63,1.38,Vegetable
2345480,23,22.9,0.177,150,0.927,1.023,0.836,6.2,136,0,2.04,48,0.701,118,8.19,11,0.062,3.3,4.3,0.251,15,0,0.108,2.5,0.63,1.37,Vegetable
2345481,25,14.28,0.174,119,1.519,1.472,1.21,5.6,55,0,1.46,33,1.961,107,5.37,19,0.124,1.8,5.61,0.237,55,0,0.178,33.6,0.71,1.23,Vegetable
2345482,26,15.01,0.183,84,0.036,0.194,0.074,5.9,57,0,1.53,34,2.062,112,5.63,0,0.13,1.9,5.89,0.249,37,0,0.158,35.3,0.14,1.29,Vegetable
2345483,24,14.22,0.105,78,0.024,0.129,0.049,4.5,59,0,1.52,22,1.476,77,5.14,0,0.1,1,4.39,0.282,105,0,0.113,9.9,0.03,0.67,Vegetable
2345484,23,11.36,0.106,68,0.071,0.375,0.143,4.9,29,0,1.18,18,0.979,67,4.47,0,0.053,1.7,2.99,0.102,43,0,0.056,3.8,0.38,0.66,Vegetable
2345485,24,13.81,0.102,98,0.897,0.882,0.718,4.4,57,0,1.47,21,1.433,75,4.99,11,0.097,1,4.26,0.274,113,0,0.126,9.6,0.37,0.65,Vegetable
2345486,26,14.58,0.178,106,0.945,0.977,0.77,5.7,56,0,1.48,33,2.002,109,5.47,11,0.127,1.8,5.72,0.241,48,0,0.17,34.3,0.48,1.25,Vegetable
2345487,24,13.81,0.102,98,0.897,0.882,0.718,4.4,57,0,1.47,21,1.433,75,4.99,11,0.097,1,4.26,0.274,113,0,0.126,9.6,0.37,0.65,Vegetable
2345488,23,11.03,0.103,89,0.945,1.123,0.811,4.8,29,0,1.15,18,0.951,65,4.35,11,0.052,1.6,2.91,0.099,53,0,0.071,3.7,0.71,0.64,Vegetable
2345489,25,14.57,0.177,109,1.255,1.406,0.485,5.7,56,0,1.49,33,2.002,109,5.46,0,0.126,1.8,5.72,0.241,36,0,0.153,34.3,0.62,1.25,Vegetable
2345490,26,14.58,0.178,102,0.635,0.548,1.055,5.7,56,0,1.48,33,2.002,109,5.48,23,0.127,1.8,5.73,0.242,60,0,0.187,34.3,0.35,1.25,Vegetable
2345491,23,13.8,0.102,102,1.194,1.294,0.444,4.4,57,0,1.48,21,1.433,75,4.99,0,0.097,1,4.26,0.274,102,0,0.109,9.6,0.5,0.65,Vegetable
2345492,24,13.82,0.102,95,0.599,0.47,0.991,4.4,57,0,1.47,21,1.433,75,5,22,0.097,1,4.27,0.274,124,0,0.142,9.6,0.24,0.65,Vegetable
2345493,22,11.03,0.103,92,1.243,1.536,0.537,4.8,29,0,1.15,17,0.95,65,4.34,0,0.051,1.6,2.9,0.099,42,0,0.054,3.7,0.84,0.64,Vegetable
2345494,23,11.04,0.103,86,0.647,0.71,1.086,4.8,29,0,1.15,18,0.951,66,4.36,22,0.052,1.6,2.91,0.099,65,0,0.087,3.7,0.58,0.64,Vegetable
2345495,22,12.19,0.135,66,0.034,0.178,0.068,4.1,34,0,1.27,21,1.052,66,3.99,0,0.091,1.6,4,0.132,90,0,0.081,11,0.02,0.88,Vegetable
2345496,22,11.84,0.131,93,1.128,1.121,0.906,4,33,0,1.24,21,1.022,65,3.88,14,0.089,1.6,3.89,0.128,102,0,0.099,10.7,0.45,0.85,Vegetable
2345497,22,11.83,0.131,97,1.501,1.638,0.563,4,33,0,1.24,21,1.022,64,3.87,0,0.089,1.6,3.88,0.128,87,0,0.079,10.7,0.61,0.85,Vegetable
2345498,23,11.85,0.131,89,0.755,0.605,1.249,4,34,0,1.24,21,1.022,65,3.89,27,0.089,1.6,3.9,0.128,116,0,0.12,10.7,0.29,0.85,Vegetable
2345499,11,4.68,0.067,44,0.918,0.851,0.757,1.7,9,0,0.35,10,0.46,20,0.88,11,0.027,0,2.42,0.052,29,0,0.22,68.9,0.73,0.13,Vegetable
2345500,8,6.09,0.017,50,0.917,0.946,0.758,2.1,39,0,0.44,12,0.938,26,1.01,11,0.082,0.1,4.24,0.049,162,0,0.281,109.5,1.95,0.25,Vegetable
2345503,25,3.3,0.048,38,0.89,0.804,0.701,1.5,21,0,0.33,10,0.234,20,0.67,11,0.036,0.6,1.81,0.011,11,0,0.078,12.2,0.34,0.27,Vegetable
2345504,45,8.98,0.033,63,0.965,0.906,0.749,2.4,19,0,0.46,21,0.692,55,1.13,12,0.04,0.7,4.65,0.084,12,0,0.111,22.1,0.68,0.25,Vegetable
2345505,46,14.88,0.068,89,0.876,0.829,0.71,3,15,0,0.54,17,0.38,54,2.65,11,0.168,0.6,2.81,0.054,11,0,0.227,4.5,0.52,0.29,Vegetable
2345506,30,4.16,0.093,40,0.644,0.443,1.067,2.8,22,0,1.42,13,0.139,20,0.9,24,0.022,0.6,1.73,0.02,26,0,0.162,12.8,0.37,0.18,Vegetable
2345507,45,7.84,0.082,44,0.022,0.092,0.041,2.7,37,0,2.16,25,0.592,55,2.91,0,0.079,0.7,4.15,0.14,53,0,0.15,53,0.4,0.28,Vegetable
2345508,59,8.99,0.09,52,0.039,0.167,0.073,3.1,35,0,2.39,28,0.561,58,3.49,0,0.119,0.8,4.81,0.064,66,0,0.173,21.9,0.47,0.49,Vegetable
2345509,44,7.62,0.08,66,0.931,0.878,0.738,2.6,36,0,2.1,24,0.575,54,2.83,11,0.077,0.7,4.04,0.136,64,0,0.162,51.4,0.75,0.27,Vegetable
2345510,44,7.62,0.08,66,0.931,0.878,0.738,2.6,36,0,2.1,24,0.575,54,2.83,11,0.077,0.7,4.04,0.136,64,0,0.162,51.4,0.75,0.27,Vegetable
2345511,58,8.74,0.087,73,0.911,0.919,0.741,3,34,0,2.33,27,0.545,56,3.4,11,0.115,0.8,4.67,0.062,75,0,0.185,21.3,0.8,0.48,Vegetable
2345513,129,7.94,0.226,41,0.06,0.125,0.146,0.7,148,0,2.28,77,1.121,60,3.51,0,0.262,0.7,0.58,0.062,90,0,0.049,12.8,0.96,0.89,Vegetable
2345514,126,7.71,0.219,63,0.943,0.888,0.821,0.7,144,0,2.21,74,1.088,59,3.41,11,0.254,0.7,0.57,0.061,99,0,0.064,12.4,1.27,0.86,Vegetable
2345515,22,4.1,0.085,21,0.014,0.101,0.104,1.2,21,0,0.48,22,0.501,41,1.3,0,0.075,0.2,3.16,0.051,10,0,0.141,18.5,0.15,0.36,Vegetable
2345516,19,4.54,0.06,21,0.012,0.068,0.033,1.3,10,0,0.5,20,0.412,33,1.21,0,0.043,0.2,2,0.038,9,0,0.072,5.2,0.14,0.27,Vegetable
2345517,12,2.94,0.079,13,0.005,0.031,0.015,1.4,9,0,0.7,13,0.415,21,0.6,0,0.027,0.2,1.18,0.015,5,0,0.042,2.4,0.12,0.29,Vegetable
2345518,22,3.99,0.083,47,1.041,0.989,0.889,1.1,21,0,0.46,22,0.486,40,1.27,13,0.073,0.2,3.07,0.049,23,0,0.156,18,0.54,0.35,Vegetable
2345519,22,3.99,0.083,47,1.041,0.989,0.889,1.1,21,0,0.46,22,0.486,40,1.27,13,0.073,0.2,3.07,0.049,23,0,0.156,18,0.54,0.35,Vegetable
2345520,18,4.41,0.058,43,0.885,0.823,0.703,1.3,10,0,0.49,19,0.4,32,1.18,11,0.042,0.2,1.95,0.037,21,0,0.086,5.1,0.47,0.26,Vegetable
2345521,12,2.86,0.077,35,0.874,0.783,0.682,1.3,9,0,0.69,13,0.403,20,0.6,11,0.026,0.2,1.15,0.015,16,0,0.057,2.3,0.45,0.28,Vegetable
2345522,21,3.98,0.083,51,1.391,1.474,0.568,1.1,21,0,0.47,22,0.486,40,1.26,0,0.073,0.2,3.06,0.049,10,0,0.137,18,0.7,0.35,Vegetable
2345523,22,3.99,0.083,44,0.691,0.505,1.211,1.1,21,0,0.46,22,0.487,40,1.28,26,0.073,0.2,3.08,0.049,36,0,0.175,18,0.39,0.35,Vegetable
2345524,18,4.4,0.058,46,1.183,1.235,0.429,1.3,10,0,0.49,19,0.4,32,1.18,0,0.042,0.2,1.95,0.037,9,0,0.07,5.1,0.6,0.26,Vegetable
2345525,19,4.42,0.058,40,0.588,0.411,0.976,1.3,10,0,0.48,19,0.4,32,1.19,22,0.042,0.2,1.96,0.037,32,0,0.102,5.1,0.34,0.26,Vegetable
2345526,12,2.85,0.077,39,1.17,1.193,0.409,1.3,9,0,0.69,13,0.403,20,0.59,0,0.026,0.2,1.15,0.015,5,0,0.04,2.3,0.58,0.28,Vegetable
2345527,13,2.86,0.077,32,0.578,0.373,0.954,1.3,9,0,0.68,13,0.403,21,0.6,22,0.026,0.2,1.16,0.015,27,0,0.073,2.3,0.32,0.28,Vegetable
2345528,21,6.26,0.034,49,0.895,0.879,0.73,1.4,8,0,0.33,11,0.784,14,0.65,11,0.021,0.3,2.45,0.037,17,0,0.112,3.4,0.46,0.19,Vegetable
2345529,32,6.7,0.089,54,0.945,0.869,0.732,1.9,13,0,0.32,11,0.396,28,0.95,12,0.03,0.7,3.96,0.038,12,0,0.102,18.6,0.4,0.28,Vegetable
2345530,6,19.22,0.156,78,0.002,0.041,0.025,3.9,9,0,1.36,8,0.562,30,1.38,0,0.038,1.1,3.84,0.017,0,0,0.248,2,0.78,0.59,Vegetable
2345531,18,2.95,0.021,36,0.909,0.842,0.686,1,4,0,0.37,10,0.372,17,0.4,11,0.001,0.2,1.15,0.033,11,0,0.047,10.2,0.42,0.57,Vegetable
2345534,17,19.25,0.109,92,0.108,0.24,0.09,3.8,28,0,1.14,35,1.186,88,4.3,0,0.061,0.6,2.2,0.052,10,0,0.11,8.1,0.18,0.68,Vegetable
2345535,16,18.7,0.106,112,0.978,0.99,0.758,3.7,27,0,1.11,34,1.152,85,4.18,11,0.06,0.6,2.14,0.05,21,0,0.123,7.9,0.51,0.66,Vegetable
2345537,18,8.22,0.049,35,0.012,0.06,0.056,2,20,0,0.32,12,0.396,29,1.13,0,0.039,0.3,4.1,0.051,33,0,0.183,47.6,0.43,0.19,Vegetable
2345538,18,7.98,0.048,57,0.885,0.816,0.724,1.9,19,0,0.32,11,0.384,28,1.1,11,0.038,0.3,3.99,0.05,44,0,0.194,46.3,0.76,0.19,Vegetable
2345539,25,12.09,0.085,96,1.546,1.454,1.212,3.2,33,0,0.82,26,1.291,66,2.81,18,0.082,0.8,4.86,0.125,234,0,0.146,13.6,0.87,0.54,Vegetable
2345540,25,13.05,0.083,65,0.01,0.072,0.031,4.4,19,0,0.82,22,0.848,51,2.85,0,0.12,0.3,3.11,0.071,213,0,0.074,3.2,0.38,0.49,Vegetable
2345541,22,8.84,0.071,46,0.118,0.299,0.129,2.6,24,0,0.72,13,0.686,40,2.11,0,0.054,0.8,2.8,0.043,155,0,0.059,2.6,0.31,0.36,Vegetable
2345542,25,12.68,0.08,86,0.883,0.827,0.7,4.3,18,0,0.8,21,0.824,50,2.78,11,0.116,0.3,3.02,0.069,219,0,0.088,3.1,0.71,0.48,Vegetable
2345543,25,12.68,0.08,86,0.883,0.827,0.7,4.3,18,0,0.8,21,0.824,50,2.78,11,0.116,0.3,3.02,0.069,219,0,0.088,3.1,0.71,0.48,Vegetable
2345544,21,8.59,0.069,68,0.99,1.05,0.798,2.5,24,0,0.7,13,0.666,39,2.06,11,0.053,0.8,2.72,0.042,162,0,0.074,2.5,0.64,0.35,Vegetable
2345545,24,12.67,0.08,89,1.18,1.239,0.427,4.3,18,0,0.8,21,0.824,49,2.77,0,0.116,0.3,3.02,0.069,207,0,0.072,3.1,0.84,0.47,Vegetable
2345546,25,12.68,0.08,83,0.586,0.415,0.974,4.3,18,0,0.8,21,0.824,50,2.78,22,0.117,0.3,3.03,0.069,230,0,0.104,3.1,0.58,0.48,Vegetable
2345547,21,8.58,0.069,71,1.288,1.463,0.524,2.5,24,0,0.7,13,0.666,39,2.05,0,0.053,0.8,2.72,0.042,151,0,0.057,2.5,0.77,0.35,Vegetable
2345548,22,8.59,0.069,64,0.692,0.636,1.073,2.5,24,0,0.7,13,0.666,39,2.07,22,0.053,0.8,2.73,0.042,174,0,0.09,2.5,0.51,0.35,Vegetable
2345549,24,9.19,0.076,44,0.054,0.183,0.07,2.4,27,0,0.81,15,0.658,39,1.95,0,0.045,0.7,2.93,0.045,167,0,0.066,4.5,0.2,0.45,Vegetable
2345550,24,8.93,0.073,68,0.999,0.998,0.794,2.3,26,0,0.79,14,0.639,38,1.9,12,0.044,0.7,2.85,0.044,174,0,0.082,4.3,0.57,0.43,Vegetable
2345551,23,8.93,0.073,71,1.322,1.445,0.498,2.3,26,0,0.79,14,0.639,38,1.89,0,0.044,0.7,2.84,0.044,162,0,0.064,4.3,0.71,0.43,Vegetable
2345552,24,8.94,0.073,64,0.676,0.552,1.091,2.3,26,0,0.79,14,0.639,38,1.91,24,0.044,0.7,2.85,0.044,187,0,0.1,4.3,0.43,0.43,Vegetable
2345553,14,16.73,0.076,79,0.11,0.223,0.076,3.4,47,0,0.99,25,1.391,78,3.84,0,0.081,0.8,3.72,0.156,57,0,0.106,6.7,0.05,0.65,Vegetable
2345554,13,16.25,0.074,100,0.98,0.973,0.744,3.3,46,0,0.97,24,1.351,76,3.74,11,0.079,0.8,3.62,0.152,67,0,0.119,6.5,0.39,0.63,Vegetable
2345555,21,5.72,0.069,66,3.097,0.52,0.752,1.9,18,0,0.45,14,0.547,29,1.1,0,0.051,0.4,3.39,0.156,20,0,0.128,17.7,1.32,0.22,Vegetable
2345556,19,14.88,0.124,95,1.196,1.087,0.943,1.9,14,0,0.31,18,0.979,41,1.45,15,0.034,0.3,3.04,0.076,257,0,0.224,8.8,0.7,0.25,Vegetable
2345557,19,15.51,0.13,67,0.008,0.06,0.032,2,14,0,0.32,18,1.021,42,1.49,0,0.035,0.3,3.14,0.079,248,0,0.211,9.2,0.24,0.26,Vegetable
2345558,25,4.54,0.029,23,0.011,0.08,0.026,2.8,48,0,0.51,11,0.383,36,2.35,0,0.067,0.6,1.26,0.046,25,0,0.109,35.6,0.69,0.2,Vegetable
2345559,25,4.41,0.028,46,0.885,0.835,0.696,2.8,47,0,0.5,11,0.372,36,2.29,11,0.065,0.6,1.23,0.045,36,0,0.122,34.6,1.01,0.2,Vegetable
2345560,28,5.59,0.047,28,0.018,0.164,0.057,3,36,0,0.52,11,0.393,35,1.76,0,0.057,0.6,2.19,0.041,298,0,0.1,24.5,0.79,0.25,Vegetable
2345561,28,5.43,0.045,50,0.899,0.924,0.732,2.9,35,0,0.5,11,0.382,34,1.72,11,0.055,0.6,2.13,0.039,301,0,0.114,23.8,1.11,0.25,Vegetable
2345562,37,9.74,0.08,48,0.017,0.085,0.047,2.9,30,0,1.09,18,0.673,48,2.08,0,0.081,0.8,3.63,0.057,226,0,0.179,34.6,0.48,0.4,Vegetable
2345563,37,9.46,0.078,69,0.89,0.841,0.716,2.8,29,0,1.06,17,0.654,46,2.03,11,0.079,0.8,3.53,0.056,231,0,0.19,33.6,0.81,0.38,Vegetable
2345564,54,7.72,0.135,60,0.403,1.025,0.283,1.3,20,0,0.82,21,0.674,70,4.25,0,0.047,4.6,1.15,0.041,0,0,0.111,5.8,0.1,0.5,Vegetable
2345566,84,22.25,0.122,160,2.967,0.907,1.386,3.9,63,12,1.45,32,1.848,95,5.34,8,0.138,6.7,2.13,0.194,14,0.1,0.076,5.3,0.92,0.67,Vegetable
2345567,40,6.8,0.046,50,0.474,1.056,0.505,1.8,17,0,0.64,16,0.521,42,1.88,8,0.077,1.5,2.55,0.05,26,0.04,0.081,5.8,0.4,0.22,Vegetable
2345569,33,21.9,0.062,218,4.985,5.044,1.851,1.6,60,33,1.67,14,1.938,56,4.02,5,0.147,5.5,1.08,0.265,5,0.04,0.086,16.1,2.01,0.36,Vegetable
2345573,44,14.98,0.031,116,2.043,1.268,1.393,1.5,27,0,0.57,23,0.813,107,4.54,68,0.14,6.1,4.63,0.039,76,0.22,0.082,1.7,0.5,0.71,Vegetable
2345575,28,22.33,0.08,218,4.978,5.063,1.814,2,49,33,1.6,14,1.998,49,3.66,5,0.139,5.4,1.77,0.262,5,0.04,0.052,0.8,2.1,0.32,Vegetable
2345577,180,8.96,0.082,155,3.483,2.269,3.566,1.9,19,4,0.72,18,0.827,152,7.02,47,0.143,8.1,3.01,0.059,53,0.37,0.087,2.6,1.53,1.02,Vegetable
2345578,164,6.34,0.087,90,1.081,0.257,2.667,2.2,18,0,0.45,19,0.658,138,6.16,44,0.113,6.3,3.39,0.033,50,0.33,0.09,3,0.67,0.95,Vegetable
2345579,147,27.72,0.402,288,5.827,3.814,4.084,2.3,50,16,1.83,27,5.444,203,10.7,105,0.531,28.7,4,0.286,112,0.29,0.128,4.4,1.11,1.46,Vegetable
2345580,27,21.9,0.219,222,4.971,5.108,1.824,1.3,55,33,1.62,13,3.505,83,4.63,5,0.328,14.3,1.27,0.27,5,0.06,0.056,0.8,1.98,0.49,Vegetable
2345581,52,22.37,0.076,219,4.987,5.056,1.824,1.6,79,33,1.71,23,1.981,53,3.88,5,0.161,5.5,1.42,0.275,10,0.04,0.035,3.6,2.1,0.44,Vegetable
2345582,72,39.94,0.078,352,4.877,9.864,3.172,2.6,36,0,0.96,20,1.122,116,4.19,0,0.09,5.6,4.96,0.153,0,0,0.13,1.5,2.74,0.55,Vegetable
2345585,33,21.5,0.079,216,4.977,5.071,1.84,1.2,49,33,1.69,17,1.938,55,3.76,5,0.153,5.4,1.53,0.267,8,0.04,0.075,7,2.03,0.39,Vegetable
2345586,99,8.91,0.096,85,0.864,0.352,2.153,1.4,25,6,0.84,23,0.961,85,3.46,34,0.12,3.6,3.36,0.106,45,0.07,0.125,13.8,0.4,0.6,Vegetable
2345587,26,14.9,0.091,83,0.316,0.229,0.749,1.1,35,21,0.97,19,1.162,46,2.32,10,0.071,3.7,2.4,0.128,18,0.02,0.118,10.4,0.27,0.43,Vegetable
2345588,82,9.28,0.085,92,1.198,0.509,2.378,1.2,26,6,0.77,23,0.896,81,3.69,28,0.126,3.1,2.84,0.117,36,0.08,0.121,13.9,0.13,0.58,Vegetable
2345589,63,6.87,0.047,125,2.119,0.633,4.449,0.7,24,4,0.79,18,0.511,95,4.65,109,0.173,7.5,3.16,0.079,114,0.26,0.092,6.6,0.29,0.59,Vegetable
2345590,16,9.62,0.094,56,0.362,0.079,0.445,1.8,13,0,0.7,13,0.849,43,2.68,0,0.046,0.8,1.96,0.114,79,0.04,0.123,8.9,0.15,0.61,Vegetable
2345592,22,20.42,0.095,238,6.228,6.056,2.359,1.6,40,20,1.57,15,1.736,62,3.81,13,0.16,6.8,1.55,0.193,60,0.06,0.105,15,2.63,0.39,Vegetable
2345593,19,16.24,0.167,125,1.67,1.984,0.608,3.2,129,0,1.12,22,0.451,64,4.92,0,0.056,0.1,2.97,0.116,3,0,0.152,3.5,0.77,0.67,Vegetable
2345594,21,8.72,0.086,84,1.805,1.811,1.263,1.8,18,0,0.71,16,0.784,40,1.59,1,0.051,0.7,3.23,0.048,65,0.01,0.136,11.7,1.29,0.27,Vegetable
2345595,17,16.43,0.079,102,1.118,1.117,0.789,1.3,34,22,0.9,15,1.057,41,2.02,0,0.036,3.4,1.96,0.094,39,0.01,0.118,7,0.79,0.35,Vegetable
2345597,32,10.64,0.058,46,0.008,0.094,0.041,2.2,23,0,0.86,21,0.578,32,1.52,0,0.083,0.6,7.57,0.061,28,0,0.105,8.6,0.34,0.2,Vegetable
2345598,11,16.28,0.116,65,0.016,0.029,0.013,0.8,27,0,0.41,15,0.251,17,0.8,0,0.048,1,11.05,0.01,2,0,0.05,2.3,0.06,0.26,Vegetable
2345599,35,7.32,0.03,32,0.027,0.066,0.035,1.3,25,0,0.17,9,0.252,20,0.57,0,0.046,0.4,5.98,0.016,17,0,0.055,2.2,0.22,0.11,Vegetable
2345600,4,25.66,0.027,111,0.261,0.37,0.176,1.6,30,0,0.24,10,0.754,35,1.7,0,0.07,0.5,18.43,0.032,9,0,0.046,8,0.14,0.25,Vegetable
2345601,20,8.98,0.033,41,0.028,0.026,0.108,1.7,40,0,0.35,13,0.399,37,1.59,0,0.048,0.6,6.45,0.037,0,0,0.137,34,0.07,0.22,Vegetable
2345602,35,9.67,0.017,41,0.014,0.014,0.028,2.1,30,0,0.39,10,0.184,22,1.06,0,0.032,0.3,7.52,0.046,4,0,0.093,25.8,0.12,0.15,Vegetable
2345603,39,10.97,0.015,46,0.01,0.066,0.017,1.7,13,0,0.67,13,0.329,25,1.19,0,0.055,0.6,8.05,0.048,44,0,0.156,40.2,0.09,0.18,Vegetable
2345604,33,2.4,0.024,15,0.037,0.241,0.067,1.6,52,0,2.5,14,1.1,24,1.1,0,0.21,0.5,1.06,0.01,5,0,0.213,0,0.11,0.22,Vegetable
2345605,54,1.99,0.026,14,0.005,0.122,0.079,1,8,0,0.23,7,0.109,16,0.48,0,0.057,0,1.28,0.047,4,0,0.034,2.1,0.12,0.11,Vegetable
2345606,3,35.06,0.085,130,0.209,0.122,0.054,1.1,1,0,0.87,5,0.233,14,0.37,0,0.033,0,29.13,0,61,0,0.015,1,0.58,0.14,Vegetable
2345607,61,21.15,0.028,91,0.004,0.106,0.067,1,1,0,0.25,7,0.115,18,0.58,0,0.03,0,18.27,0.025,38,0,0.024,0.7,0.36,0.12,Vegetable
2345608,9,9.74,0.068,41,0.013,0.063,0.028,2.5,16,0,0.2,12,0.511,20,0.81,0,0.03,0.3,7.8,0.029,1,0,0.063,1.6,0.25,0.13,Vegetable
2345609,74,4.83,0.018,20,0.02,0.034,0.037,2.6,1,0,0.28,4,0.022,2,0.33,0,0.015,0.4,0,0.02,0,0,0.037,0,0.18,0.04,Vegetable
2345611,6,8.29,0.303,46,0,0.133,0.041,0.8,25,0,0.19,8,3.083,77,2.4,0,0.358,15.8,6.51,0.04,0,0.03,0.061,1.5,0.01,0.41,Vegetable
2345614,70,11.04,0.091,48,0.014,0.022,0.022,2.7,42,0,0.52,47,0.788,51,1.6,0,0.048,0.6,6.1,0.149,28,0,0.16,16.2,0.22,0.48,Vegetable
2345615,88,6.04,0.251,116,7.652,0.629,2.279,1.6,0,0,6.28,4,0.037,3,0.84,0,0,0.9,0,0.003,17,0,0.009,0.9,1.65,0.22,Vegetable
2345616,52,3.84,0.12,145,11.314,1.307,2.029,3.3,3,0,0.49,11,0.237,4,1.03,0,0.007,0.9,0.54,0.021,20,0,0.031,0,3.81,0.04,Vegetable
2345617,88,6.04,0.251,116,7.652,0.629,2.279,1.6,0,0,6.28,4,0.037,3,0.84,0,0,0.9,0,0.003,17,0,0.009,0.9,1.65,0.22,Vegetable
2345618,121,4.96,0.107,141,8.86,0.661,2.3,4,0,0,0.31,12,0.103,7,1.15,0,0,0.9,0,0.041,25,0,0,0,3.78,0.09,Vegetable
2345619,60,4.17,0.162,282,20.904,2.6,4.852,1.8,1,0,3.4,5,0.09,3,0.73,0,0.002,0.7,0.16,0.008,14,0,0.014,0.4,6.14,0.12,Vegetable
2345621,9,9.11,0.042,39,0.007,0.079,0.048,1.5,16,0,0.31,9,0.516,19,0.75,0,0.039,0.1,7.38,0.042,53,0,0.184,68.3,0.66,0.14,Vegetable
2345622,61,4.56,0.045,22,0.023,0.143,0.061,2.6,13,0,0.32,6,0.343,13,0.8,0,0.023,0.4,1.6,0.037,43,0,0.105,12.3,0.9,0.09,Vegetable
2345623,36,5.53,0.046,26,0.026,0.128,0.076,2.7,20,0,0.28,10,0.812,20,0.86,0,0.046,0.4,2.86,0.038,48,0,0.262,65.4,2.24,0.12,Vegetable
2345624,54,1.99,0.026,14,0.005,0.122,0.079,1,8,0,0.23,7,0.109,16,0.48,0,0.057,0,1.28,0.047,4,0,0.034,2.1,0.12,0.11,Vegetable
2345625,45,20.7,0.057,213,2.798,7.15,1.978,1.2,44,33,1.58,11,1.789,45,3.44,5,0.146,5.3,0.82,0.265,6,0.04,0.034,0.8,1.55,0.3,Vegetable
2345626,22,7.68,0.043,34,0.014,0.04,0.027,1.3,18,0,0.29,8,0.2,17,0.56,0,0.032,0.6,6.41,0.009,0,0,0.053,10.4,0,0.23,Vegetable
2345627,109,11.44,0.188,54,0.05,0.104,0.121,0.6,108,0,1.89,64,0.93,50,2.91,0,0.218,0.6,5.35,0.051,75,0,0.043,8.7,0.79,0.74,Vegetable
2345628,21,9.85,0.029,43,0.017,0.077,0.058,1.8,29,0,0.3,11,0.571,28,0.99,0,0.053,0.3,7.48,0.037,194,0,0.138,37.8,0.57,0.19,Vegetable
2345629,27,10.19,0.072,44,0.005,0.044,0.009,1.5,11,0,0.25,9,0.315,23,0.75,0,0.025,0.6,8.02,0.03,0,0,0.067,14.8,0.02,0.22,Vegetable
2345631,15,7.44,0.045,35,0.009,0.075,0.07,0.8,17,0,0.31,15,0.355,32,1,0,0.075,0.2,6.94,0.034,8,0,0.122,12.6,0.1,0.27,Vegetable
2345687,10,26.97,0.081,358,9.673,6.174,5.599,1.4,9,0,0.69,33,1.053,52,13.16,4,0.127,9.9,14.81,0.077,40,0.16,0.204,11,1.93,0.33,Vegetable
2345694,8,11.15,0.012,46,0,0,0,0,3,0,0.31,7,0.013,1,0.3,0,0.001,0,10.37,0.001,36,0,0.016,28.5,0.87,0.01,Fruit